snapshot_date,gif_id,title,kind,created,upload_epoch,views
2026-07-08,N4Aef2XhTGp692NZx7,World Cup Football GIF by OneFootball Heads,gif,2026-07-06T16:44:20+0000,1783356260,514
2026-07-08,zkn7BLV7uUc5Orkzzr,Happy Football GIF by OneFootball Heads,gif,2026-07-06T16:44:16+0000,1783356256,1212
2026-07-08,UPnKAxvJFJWIJn1NNK,Happy Football GIF by OneFootball Heads,gif,2026-07-06T16:44:11+0000,1783356251,1016
2026-07-08,CKVjlqUmBZdyT7d3W7,World Cup Football GIF by OneFootball Heads,gif,2026-07-06T16:44:00+0000,1783356240,681
2026-07-08,go703FNMkaozEq7tqJ,World Cup Football GIF by OneFootball Heads,gif,2026-07-06T16:43:55+0000,1783356235,746
2026-07-08,x61sB9WoV0TIwRSfsR,World Cup Football GIF by OneFootball Heads,gif,2026-07-05T10:20:52+0000,1783246852,490
2026-07-08,pfDwG4T0vC4IxqS2eN,World Cup Football GIF by OneFootball Heads,gif,2026-07-05T10:20:45+0000,1783246845,1669
2026-07-08,1YIOwyDs2IK6MPvs3f,World Cup Football GIF by OneFootball Heads,gif,2026-07-05T10:20:35+0000,1783246835,566
2026-07-08,U4iDELyXogCfzk2SPc,World Cup Football GIF by OneFootball Heads,gif,2026-07-05T10:20:29+0000,1783246829,579
2026-07-08,NzJ2mFSbkzVkj29CYP,World Cup Football GIF by OneFootball Heads,gif,2026-07-05T10:20:22+0000,1783246822,1518
2026-07-08,xW6AwwdTobQgDZ3nAU,World Cup Football GIF by OneFootball Heads,gif,2026-07-05T10:20:15+0000,1783246815,496
2026-07-08,Pd6VbhzYBpVXqj1D2b,World Cup Football GIF by OneFootball Heads,gif,2026-07-05T10:20:03+0000,1783246803,2344
2026-07-08,bOLdbJxTL32fzUfQ79,Germany Football GIF by OneFootball Heads,gif,2026-07-05T10:19:57+0000,1783246797,916
2026-07-08,7HLrdcksEhIrZa9Zir,Germany Football GIF by OneFootball Heads,gif,2026-07-05T10:19:50+0000,1783246790,481
2026-07-08,uKuw4epL1KjAqERkXv,Germany Football GIF by OneFootball Heads,gif,2026-07-05T10:19:44+0000,0,0
2026-07-08,0LBI2fJsWSO88UZip6,World Cup Football GIF by OneFootball Heads,gif,2026-07-05T10:19:38+0000,1783246778,5240
2026-07-08,zysC5B66n65evvIv2j,World Cup Football GIF by OneFootball Heads,gif,2026-07-05T10:19:32+0000,1783246772,1300
2026-07-08,WDTFmWErrBo9vvuMJ5,World Cup Football GIF by OneFootball Heads,gif,2026-07-05T10:19:24+0000,1783246764,29494
2026-07-08,KksuC9fn8zo5RlERgg,World Cup Football GIF by OneFootball Heads,gif,2026-07-05T10:19:17+0000,1783246757,516
2026-07-08,1gsEMwwsNPO36OxOQK,World Cup Football GIF by OneFootball Heads,gif,2026-07-05T10:19:09+0000,1783246749,1476
2026-07-08,kCbiTm717MlCNnAxeU,France Football GIF by OneFootball Heads,gif,2026-07-05T10:19:02+0000,1783246742,882
2026-07-08,b7B608uSFXLuR9yWYH,France Football GIF by OneFootball Heads,gif,2026-07-05T10:18:56+0000,1783246736,590
2026-07-08,4bXiLL05WASnteKd7V,France Football GIF by OneFootball Heads,gif,2026-07-05T10:18:48+0000,1783246728,1372
2026-07-08,FxFgVET0GLKFojvrla,France Football GIF by OneFootball Heads,gif,2026-07-05T10:18:41+0000,1783246721,902
2026-07-08,5050Byd8dZiD8S7OQo,World Cup Football GIF by OneFootball Heads,gif,2026-07-05T10:18:35+0000,1783246715,1494
2026-07-08,uZCGmkB8j9Y2LrKCgC,World Cup Football GIF by OneFootball Heads,gif,2026-07-05T10:18:30+0000,1783246710,3053
2026-07-08,YEzgbuQKP7ilTDmGni,World Cup Football GIF by OneFootball Heads,gif,2026-07-05T10:18:22+0000,1783246702,1199
2026-07-08,31mHgJnJUAJXIB62kJ,World Cup Football GIF by OneFootball Heads,gif,2026-07-05T10:18:14+0000,1783246694,896
2026-07-08,V2iTAiTz1UENEuooXW,World Cup Football GIF by OneFootball Heads,gif,2026-07-05T10:18:06+0000,1783246686,3637
2026-07-08,6JNI1PXys4vMII0f9A,World Cup Football GIF by OneFootball Heads,gif,2026-07-05T10:17:57+0000,1783246677,5443
2026-07-08,U0K68elO5NOob4q372,World Cup Football GIF by OneFootball Heads,gif,2026-07-05T10:17:49+0000,1783246669,4419
2026-07-08,A1yl317Qn9BkRcNDyq,Germany Football GIF by OneFootball Heads,gif,2026-07-05T10:17:34+0000,1783246654,454
2026-07-08,UxIqUYwwUampJ8DTtS,World Cup Football GIF by OneFootball Heads,gif,2026-07-05T10:17:26+0000,1783246646,1469
2026-07-08,ifOOtGdoahRmSdfh4k,Germany Football GIF by OneFootball Heads,gif,2026-07-05T10:17:19+0000,1783246639,1404
2026-07-08,kqkgYGr6YOULDs5Fcn,World Cup Shrug GIF by OneFootball Heads,gif,2026-07-05T10:17:12+0000,1783246632,1546
2026-07-08,RHu5cVwkEKODGJMFhD,World Cup Football GIF by OneFootball Heads,gif,2026-07-05T10:17:05+0000,1783246625,3788
2026-07-08,imjTWu6Vx9k0QJwpv4,World Cup Football GIF by OneFootball Heads,gif,2026-07-05T10:16:58+0000,1783246618,3154
2026-07-08,JdCL1IXkf3ObMe1SIJ,World Cup Football GIF by OneFootball Heads,gif,2026-07-05T10:16:51+0000,1783246611,692
2026-07-08,jJjpM5aG60awjoTpKb,World Cup Football GIF by OneFootball Heads,gif,2026-07-05T10:16:44+0000,1783246604,1831
2026-07-08,bnqEjEUGGVrwEqWNJ0,World Cup Football GIF by OneFootball Heads,gif,2026-07-05T10:16:36+0000,1783246596,2772
2026-07-08,KyUIjPQuLolO6vfaFD,World Cup Football GIF by OneFootball Heads,gif,2026-07-05T10:16:30+0000,1783246590,12436
2026-07-08,rqRCINmIhqekY7cxwt,World Cup Football GIF by OneFootball Heads,gif,2026-07-05T10:16:13+0000,1783246573,11262
2026-07-08,GxQiKyAy9kzwWgAClZ,World Cup Football GIF by OneFootball Heads,gif,2026-07-05T10:16:06+0000,1783246566,582
2026-07-08,e0tqAwofWcxXx9iIN2,World Cup Football GIF by OneFootball Heads,gif,2026-07-05T10:15:58+0000,1783246558,7805
2026-07-08,jCb2I9TIDuTGehdSHx,World Cup Football GIF by OneFootball Heads,gif,2026-07-05T10:15:50+0000,1783246550,2130
2026-07-08,ybF46HrsLDFuMrg0NO,France Football GIF by OneFootball Heads,gif,2026-07-05T10:15:42+0000,1783246542,2797
2026-07-08,fFcZ7GbvG7949eU5xg,World Cup Football GIF by OneFootball Heads,gif,2026-07-05T10:15:36+0000,1783246536,3425
2026-07-08,hPd95ZhVUZRpaqfS71,World Cup Football GIF by OneFootball Heads,gif,2026-07-05T10:15:29+0000,1783246529,2687
2026-07-08,RwHdKDHMgbReieccJ4,World Cup Football GIF by OneFootball Heads,gif,2026-07-05T10:15:22+0000,1783246522,362
2026-07-08,YhWN4jrl9saWCBtYVs,World Cup Football GIF by OneFootball Heads,gif,2026-07-05T10:15:14+0000,1783246514,1360
2026-07-08,BKBmjqo7OhXyBwjnJ1,World Cup Football GIF by OneFootball Heads,gif,2026-07-05T10:15:03+0000,1783246503,410
2026-07-08,2OZgYoYD7xUPQjGmsl,World Cup Football GIF by OneFootball Heads,gif,2026-07-05T10:14:57+0000,1783246497,547
2026-07-08,FrixhPI7XEfr3wS5yp,World Cup Football GIF by OneFootball Heads,gif,2026-07-05T10:14:51+0000,1783246491,1408
2026-07-08,mp4uQj1yhchE0FJb19,World Cup Football GIF by OneFootball Heads,gif,2026-07-05T10:14:44+0000,1783246484,649
2026-07-08,WHFiPP52PG9th1XmMP,World Cup Football GIF by OneFootball Heads,gif,2026-07-05T10:14:36+0000,1783246476,2956
2026-07-08,zC1NmByT5WMiTaMHQS,Germany Football GIF by OneFootball Heads,gif,2026-07-05T10:14:29+0000,1783246469,1007
2026-07-08,dszvmLR6BjdJ3cN3B5,Germany Football GIF by OneFootball Heads,gif,2026-07-05T10:14:23+0000,1783246463,524
2026-07-08,iRowpDxl0o0Qs0f422,Germany Football GIF by OneFootball Heads,gif,2026-07-05T10:14:18+0000,1783246458,783
2026-07-08,DvT1BeIHu3ChyybxkR,World Cup Football GIF by OneFootball Heads,gif,2026-07-05T10:14:12+0000,1783246452,3509
2026-07-08,UzKPSpSLYsY3sTLQ7e,World Cup Football GIF by OneFootball Heads,gif,2026-07-05T10:14:03+0000,1783246443,996
2026-07-08,iVj1jzisyn9qoy0HwT,World Cup Football GIF by OneFootball Heads,gif,2026-07-05T10:13:54+0000,1783246434,2739
2026-07-08,MSUZpSsPXDiTRUuHTL,World Cup Football GIF by OneFootball Heads,gif,2026-07-05T10:13:45+0000,1783246425,472
2026-07-08,k8u0YOIFdyRsTb950U,World Cup Football GIF by OneFootball Heads,gif,2026-07-05T10:13:38+0000,1783246418,1284
2026-07-08,LcCD3TkQe4SJroMYz5,France Football GIF by OneFootball Heads,gif,2026-07-05T10:13:30+0000,1783246410,1502
2026-07-08,lJGL45KeCLzPSaUgTV,France Football GIF by OneFootball Heads,gif,2026-07-05T10:13:25+0000,1783246405,661
2026-07-08,X29WgAKGLutorgO69Y,France Football GIF by OneFootball Heads,gif,2026-07-05T10:13:18+0000,1783246398,1450
2026-07-08,6DHkm44QfaRU4jjkTd,France Football GIF by OneFootball Heads,gif,2026-07-05T10:13:11+0000,1783246391,861
2026-07-08,jQgLlzy0ZT54ZCBLTt,World Cup Football GIF by OneFootball Heads,gif,2026-07-05T10:13:04+0000,1783246384,1102
2026-07-08,nohvpMrEwXy468gDFR,World Cup Football GIF by OneFootball Heads,gif,2026-07-05T10:12:59+0000,1783246379,3208
2026-07-08,5IVmTwSUBkM26gnwiT,World Cup Football GIF by OneFootball Heads,gif,2026-07-05T10:12:51+0000,1783246371,1307
2026-07-08,XPN3II0GRNvYBEbxqs,World Cup Football GIF by OneFootball Heads,gif,2026-07-05T10:12:44+0000,1783246364,1362
2026-07-08,9x7iTJfqgFQMCs0cvY,World Cup Football GIF by OneFootball Heads,gif,2026-07-05T10:12:38+0000,1783246358,3499
2026-07-08,kQRBgO3pn3vEnFTgXa,World Cup Football GIF by OneFootball Heads,gif,2026-07-05T10:12:31+0000,1783246351,5114
2026-07-08,0r0YUGcSj97ueZws1I,World Cup Football GIF by OneFootball Heads,gif,2026-07-05T10:12:24+0000,1783246344,4586
2026-07-08,bzs9ftqVS6wCqrRuWx,Germany Football GIF by OneFootball Heads,gif,2026-07-05T10:12:13+0000,1783246333,511
2026-07-08,cR1Bnk7j1OAqINYtOY,World Cup Football GIF by OneFootball Heads,gif,2026-07-05T10:12:01+0000,1783246321,1067
2026-07-08,9L7p0XupqB44TIXms9,Germany Football GIF by OneFootball Heads,gif,2026-07-05T10:11:54+0000,1783246314,1312
2026-07-08,4Z5Et8yinfeZ1jfuJF,World Cup Shrug GIF by OneFootball Heads,gif,2026-07-05T10:11:43+0000,1783246303,1802
2026-07-08,hRRHZWBCM1iGz8W69i,World Cup Football GIF by OneFootball Heads,gif,2026-07-05T10:11:29+0000,1783246289,2164
2026-07-08,cZYcjyCHHn2mk1ikmK,World Cup Football GIF by OneFootball Heads,gif,2026-07-05T10:11:22+0000,1783246282,720
2026-07-08,toz148aIki3hNi79mi,World Cup Football GIF by OneFootball Heads,gif,2026-07-05T10:11:15+0000,1783246275,555
2026-07-08,saM8smyVfRy2WxXNf3,World Cup Football GIF by OneFootball Heads,gif,2026-07-05T10:11:06+0000,1783246266,2690
2026-07-08,sN3d7kXdPbvjlidiJz,World Cup Football GIF by OneFootball Heads,gif,2026-07-05T10:11:00+0000,1783246260,3363
2026-07-08,S8nncQt2T539fDIA0b,World Cup Football GIF by OneFootball Heads,gif,2026-07-05T10:10:40+0000,1783246240,8546
2026-07-08,2fhhHvDo2dUJMgJFW6,World Cup Football GIF by OneFootball Heads,gif,2026-07-05T10:10:32+0000,1783246232,500
2026-07-08,cxkFjp3QZGzSh1Iyxz,World Cup Football GIF by OneFootball Heads,gif,2026-07-05T10:10:26+0000,1783246226,7706
2026-07-08,kc5sCk8smIzR9bEVmq,World Cup Football GIF by OneFootball Heads,gif,2026-07-05T10:10:19+0000,1783246219,2184
2026-07-08,syTxsyJjCeublic7d4,France Football GIF by OneFootball Heads,gif,2026-07-05T10:10:12+0000,1783246212,923
2026-07-08,1yWBEir2xnNtXtsIt9,World Cup Football GIF by OneFootball Heads,gif,2026-07-05T10:10:04+0000,1783246204,2956
2026-07-08,6a3eNd7DeaD1dk11hn,World Cup Football GIF by OneFootball Heads,gif,2026-07-05T10:09:57+0000,1783246197,2307
2026-07-08,eSfJodS0foTOVqrBg1,6 7 Football GIF by OneFootball Heads,gif,2026-06-18T16:43:59+0000,1781801039,9239
2026-07-08,cpWDzbkGXinjazXAsQ,6 7 Football GIF by OneFootball Heads,gif,2026-06-18T16:43:55+0000,1781801035,10156
2026-07-08,JbyrV7bzRuZeOpzb30,World Cup Football GIF by OneFootball Heads,gif,2026-06-18T16:15:03+0000,1781799303,17405
2026-07-08,Do7K8nCJQrwf7gsrRm,World Cup Football GIF by OneFootball Heads,gif,2026-06-18T16:14:56+0000,1781799296,26344
2026-07-08,d07pfKl4LYFx9eOGnG,World Cup Football GIF by OneFootball Heads,gif,2026-06-18T16:14:50+0000,1781799290,27188
2026-07-08,iUmxhJqvJmf1ytmdok,World Cup Football GIF by OneFootball Heads,gif,2026-06-18T16:14:44+0000,1781799284,243790
2026-07-08,65WZEH3DbzTOskjZ9F,World Cup Football GIF by OneFootball Heads,gif,2026-06-18T16:14:38+0000,1781799278,24083
2026-07-08,NU5arjj8ut7RpNelJ9,World Cup Football GIF by OneFootball Heads,gif,2026-06-18T16:14:32+0000,1781799272,48705
2026-07-08,PdVb9g4MVTNgQ2OL26,World Cup Football GIF by OneFootball Heads,gif,2026-06-18T16:14:27+0000,1781799267,16061
2026-07-08,BAvIhFpn2zXzDlaAKV,World Cup Football GIF by OneFootball Heads,gif,2026-06-18T16:14:21+0000,1781799261,63331
2026-07-08,0citpjho00ObF3pMEm,World Cup Football GIF by OneFootball Heads,gif,2026-06-18T16:14:16+0000,1781799256,15339
2026-07-08,QTRlMVKXeT15fGVLbk,World Cup Football GIF by OneFootball Heads,gif,2026-06-18T16:14:10+0000,1781799250,30889
2026-07-08,VOuTYkX8OhXjetxwQ5,World Cup Football GIF by OneFootball Heads,gif,2026-06-18T16:14:01+0000,1781799241,4705
2026-07-08,ioikNOK6094SPdG2gY,World Cup Football GIF by OneFootball Heads,gif,2026-06-18T16:13:55+0000,1781799235,5503
2026-07-08,UHX8Z1xxM7q95ifvMN,World Cup Football GIF by OneFootball Heads,gif,2026-06-18T16:13:49+0000,1781799229,5625
2026-07-08,0iqkjAyJgiCpPLy3Fq,World Cup Football GIF by OneFootball Heads,gif,2026-06-18T16:13:44+0000,1781799224,4895
2026-07-08,RZrRtVNSxivmiqc4ms,World Cup Football GIF by OneFootball Heads,gif,2026-06-18T16:13:38+0000,1781799218,6596
2026-07-08,51xCLRv58gqjYM63YV,World Cup Football GIF by OneFootball Heads,gif,2026-06-18T16:13:32+0000,1781799212,22869
2026-07-08,IbdIiqy5nHTtHJKeuA,World Cup Football GIF by OneFootball Heads,gif,2026-06-18T16:13:26+0000,1781799206,24713
2026-07-08,lUrvU5C0ui1UixvK9l,World Cup Football GIF by OneFootball Heads,gif,2026-06-18T16:13:20+0000,1781799200,23111
2026-07-08,kfjRVgBKSfpje8yaL1,World Cup Football GIF by OneFootball Heads,gif,2026-06-18T16:13:14+0000,1781799194,30942
2026-07-08,8HsLMUNvbQnVzLWcty,World Cup Football GIF by OneFootball Heads,gif,2026-06-18T16:13:08+0000,1781799188,23566
2026-07-08,4iC6WmsVhfZAeGj178,World Cup Football GIF by OneFootball Heads,gif,2026-06-18T16:13:02+0000,1781799182,10391
2026-07-08,oU1Fo2c50feGpaWwDh,World Cup Football GIF by OneFootball Heads,gif,2026-06-18T16:12:55+0000,1781799175,8382
2026-07-08,GW5HlgHeRXwbcIRTAO,World Cup Football GIF by OneFootball Heads,gif,2026-06-18T16:12:48+0000,1781799168,7735
2026-07-08,j4tl0BRFWySCPi8I98,World Cup Football GIF by OneFootball Heads,gif,2026-06-18T16:12:41+0000,1781799161,12743
2026-07-08,Z9OWqReW3I4Jr4MEdB,World Cup Football GIF by OneFootball Heads,gif,2026-06-18T16:12:35+0000,1781799155,7848
2026-07-08,P2dP3D2kAzqcRPPaWr,World Cup Football GIF by OneFootball Heads,gif,2026-06-18T16:12:26+0000,1781799146,5747
2026-07-08,xjLbBByLJ19X487OlI,World Cup Football GIF by OneFootball Heads,gif,2026-06-18T16:12:20+0000,1781799140,11489
2026-07-08,MMQp5dVRWpDk5TKSk3,World Cup Football GIF by OneFootball Heads,gif,2026-06-18T16:12:06+0000,1781799126,7394
2026-07-08,hkJqI1Z2eMIZGjaLGr,World Cup Football GIF by OneFootball Heads,gif,2026-06-18T16:11:59+0000,1781799119,7443
2026-07-08,tFyjXDG8DdgV7jbV1B,World Cup Football GIF by OneFootball Heads,gif,2026-06-18T16:11:53+0000,1781799113,13607
2026-07-08,2jcJ3HFGUHkTyioaUT,World Cup Football GIF by OneFootball Heads,gif,2026-06-18T16:11:46+0000,1781799106,13361
2026-07-08,cIJp8Y1yZVnCzjXSjQ,World Cup Football GIF by OneFootball Heads,gif,2026-06-18T16:11:39+0000,1781799099,9519
2026-07-08,K53ka9tKBWvdlEmEiQ,World Cup Football GIF by OneFootball Heads,gif,2026-06-18T16:11:33+0000,1781799093,10319
2026-07-08,g1TgPevFB2j9fFhIUv,World Cup Football GIF by OneFootball Heads,gif,2026-06-18T16:11:27+0000,1781799087,7215
2026-07-08,KB4yS05ErAJldfsNj8,World Cup Football GIF by OneFootball Heads,gif,2026-06-18T16:11:21+0000,1781799081,15972
2026-07-08,1d6N0pb13wv2X6Qqhh,World Cup Football GIF by OneFootball Heads,gif,2026-06-18T16:11:14+0000,1781799074,19748
2026-07-08,pWYoNgRTTOcpQEGdh4,World Cup Football GIF by OneFootball Heads,gif,2026-06-18T16:11:08+0000,1781799068,11105
2026-07-08,G4bRYCUE94lLd7ftFC,World Cup Football GIF by OneFootball Heads,gif,2026-06-18T16:11:02+0000,1781799062,8318
2026-07-08,YeGuStp7fomlR6Gj8o,World Cup Football GIF by OneFootball Heads,gif,2026-06-18T16:10:55+0000,1781799055,23046
2026-07-08,HKNFJD7cAwpvlYa6p1,World Cup Football GIF by OneFootball Heads,gif,2026-06-18T16:10:49+0000,1781799049,8391
2026-07-08,qNokvWhj3oqF4D5q3D,World Cup Football GIF by OneFootball Heads,gif,2026-06-18T16:10:42+0000,1781799042,7653
2026-07-08,QozR1lmgh6PNPxiPDH,World Cup Football GIF by OneFootball Heads,gif,2026-06-18T16:10:36+0000,1781799036,6238
2026-07-08,F0x8UfLG8yOQPPRCj9,World Cup Football GIF by OneFootball Heads,gif,2026-06-18T16:10:28+0000,1781799028,6870
2026-07-08,xdfUlTMvx8p3k8Taet,World Cup Football GIF by OneFootball Heads,gif,2026-06-18T16:10:20+0000,1781799020,13999
2026-07-08,1qJHVFYH15SpmhSykp,Believe World Cup GIF by OneFootball Heads,gif,2026-06-18T16:10:14+0000,1781799014,28245
2026-07-08,nNlKQlqY4lK6qAxiQV,World Cup Football GIF by OneFootball Heads,gif,2026-06-18T16:10:03+0000,1781799003,111598
2026-07-08,nDLvxkW2XE2ZjcVKQR,World Cup Football GIF by OneFootball Heads,gif,2026-06-18T16:09:56+0000,1781798996,9400
2026-07-08,W04ps2Hb3KrzSRGeh6,World Cup Football GIF by OneFootball Heads,gif,2026-06-18T16:09:48+0000,1781798988,4994
2026-07-08,vgMxyT3D5Nf7YtgLEN,World Cup Football GIF by OneFootball Heads,gif,2026-06-18T14:34:01+0000,1781793241,10485
2026-07-08,NMa7tlk37iWeBOSmwr,World Cup Football GIF by OneFootball Heads,gif,2026-06-18T14:33:55+0000,1781793235,5721
2026-07-08,wyVRFz9fJaE5B8IZ2I,France Football GIF by OneFootball Heads,gif,2026-06-18T14:33:49+0000,1781793229,9066
2026-07-08,w59SdHiwZO84yaEl4U,World Cup Football GIF by OneFootball Heads,gif,2026-06-18T14:33:43+0000,1781793223,43255
2026-07-08,pxIwqllLtTqwkP3P7q,France Football GIF by OneFootball Heads,gif,2026-06-18T14:33:37+0000,1781793217,6433
2026-07-08,5DIPupkmxQqmITQtN1,World Cup Football GIF by OneFootball Heads,gif,2026-06-18T14:33:30+0000,1781793210,79555
2026-07-08,gmEnnJ3Cj1fBPirnyp,World Cup Football GIF by OneFootball Heads,gif,2026-06-18T14:33:25+0000,1781793205,85946
2026-07-08,nRd5z0hIeY7xQz1yai,World Cup Football GIF by OneFootball Heads,gif,2026-06-18T14:33:19+0000,1781793199,47939
2026-07-08,hLlrlSXRBLz2a3Fa9b,World Cup Football GIF by OneFootball Heads,gif,2026-06-18T14:33:12+0000,1781793192,8965
2026-07-08,VUJFF1jbhxVFyUtLTJ,World Cup Football GIF by OneFootball Heads,gif,2026-06-18T14:33:07+0000,1781793187,403815
2026-07-08,YIVMHeeUzrNYt7qSqJ,World Cup Football GIF by OneFootball Heads,gif,2026-06-18T14:33:01+0000,1781793181,45223
2026-07-08,0OVzKdoHvIwJL7RduN,World Cup Football GIF by OneFootball Heads,gif,2026-06-18T14:32:55+0000,1781793175,9643
2026-07-08,Ad00UhfBWCrf6iIraA,World Cup Football GIF by OneFootball Heads,gif,2026-06-18T14:32:49+0000,1781793169,7558
2026-07-08,YOy4wfZdVp39GaHWHa,World Cup Football GIF by OneFootball Heads,gif,2026-06-18T14:32:43+0000,1781793163,8647
2026-07-08,ysB7TRjZlCfK705Qsx,World Cup Football GIF by OneFootball Heads,gif,2026-06-18T14:32:37+0000,1781793157,9403
2026-07-08,oVgehCwEPrMbYJAeuH,France Football GIF by OneFootball Heads,gif,2026-06-18T14:32:30+0000,1781793150,10163
2026-07-08,XYiDNupHyw1MaXyFbY,World Cup Football GIF by OneFootball Heads,gif,2026-06-18T14:32:24+0000,1781793144,16219
2026-07-08,dRdbbodInaw9ngy2et,World Cup Football GIF by OneFootball Heads,gif,2026-06-18T14:32:18+0000,1781793138,25368
2026-07-08,kg26UxATxZow3AsKZZ,World Cup Football GIF by OneFootball Heads,gif,2026-06-18T14:32:12+0000,1781793132,208584
2026-07-08,lGjWSowFgfSI3Q7CuM,World Cup Football GIF by OneFootball Heads,gif,2026-06-18T14:32:01+0000,1781793121,45097
2026-07-08,VaSaGr35NjXb2lexto,World Cup Football GIF by OneFootball Heads,gif,2026-06-18T14:31:56+0000,1781793116,40196
2026-07-08,hftSnrV7jiNn6MkQk4,France Football GIF by OneFootball Heads,gif,2026-06-18T14:31:49+0000,1781793109,12211
2026-07-08,lo0xHsbZsqAXm3DxRm,France Football GIF by OneFootball Heads,gif,2026-06-18T14:31:43+0000,1781793103,5186
2026-07-08,pzLy6Kcx9jyVz05UxB,World Cup Football GIF by OneFootball Heads,gif,2026-06-18T14:31:30+0000,1781793090,14666
2026-07-08,TCYSBvF1McWeOViTdS,World Cup Football GIF by OneFootball Heads,gif,2026-06-18T14:31:23+0000,1781793083,27044
2026-07-08,LgaosMJFuBdaBg4Zqw,World Cup Football GIF by OneFootball Heads,gif,2026-06-18T14:31:18+0000,1781793078,13774
2026-07-08,UpPyFzWrRSSCDjWW5S,France Football GIF by OneFootball Heads,gif,2026-06-18T14:31:12+0000,1781793072,5043
2026-07-08,UiN6zWG0ArXRCn52L0,World Cup Football GIF by OneFootball Heads,gif,2026-06-18T14:31:05+0000,1781793065,11505
2026-07-08,pKUmbMGZ5eNwfcEOwB,World Cup Football GIF by OneFootball Heads,gif,2026-06-18T14:30:59+0000,1781793059,14603
2026-07-08,mnFrveFv1O0NCcXXRg,World Cup Football GIF by OneFootball Heads,gif,2026-06-18T14:30:52+0000,1781793052,9997
2026-07-08,5Cniu3sjAb3IHZD5Bh,World Cup Football GIF by OneFootball Heads,gif,2026-06-18T14:30:47+0000,1781793047,42621
2026-07-08,XB8mTbeXNfl7OIlAkt,World Cup Football GIF by OneFootball Heads,gif,2026-06-18T14:30:42+0000,1781793042,8096
2026-07-08,uYAAG52VMeqNbeKxrw,World Cup Football GIF by OneFootball Heads,gif,2026-06-18T14:30:36+0000,1781793036,12215
2026-07-08,4I8DiIUSUnnTBauMmF,World Cup Football GIF by OneFootball Heads,gif,2026-06-18T14:30:30+0000,1781793030,19414
2026-07-08,mYNEpIFkBXXyA3E2SJ,World Cup Football GIF by OneFootball Heads,gif,2026-06-18T14:30:24+0000,1781793024,74523
2026-07-08,pGYHslrw9ZTEMk9Sn2,World Cup Football GIF by OneFootball Heads,gif,2026-06-18T14:30:18+0000,1781793018,89521
2026-07-08,33ZJlVdrJfJqeZ8YAd,World Cup Football GIF by OneFootball Heads,gif,2026-06-18T14:30:12+0000,1781793012,15015
2026-07-08,RYjyZx74LQ511YUxgW,World Cup Football GIF by OneFootball Heads,gif,2026-06-18T14:30:06+0000,1781793006,12434
2026-07-08,HBz4ZFEBOWzRdBO70e,World Cup Football GIF by OneFootball Heads,gif,2026-06-18T14:30:00+0000,1781793000,38365
2026-07-08,BEH8snVdAHDiqrRvhv,World Cup Football GIF by OneFootball Heads,gif,2026-06-18T14:29:54+0000,1781792994,21713
2026-07-08,O2iEG5r6EhWWPVCIMl,World Cup Football GIF by OneFootball Heads,gif,2026-06-18T14:29:49+0000,1781792989,45383
2026-07-08,A2z7pVURqwz3BlQdQp,World Cup Football GIF by OneFootball Heads,gif,2026-06-18T14:29:43+0000,1781792983,35171
2026-07-08,U2RkG4c7Vpaz9UnSuZ,World Cup Football GIF by OneFootball Heads,gif,2026-06-18T14:29:36+0000,1781792976,16287
2026-07-08,ApgAv4fFKYE5zQmdet,World Cup Football GIF by OneFootball Heads,gif,2026-06-18T14:29:30+0000,1781792970,11081
2026-07-08,c14InbFxtr5gAFCZfy,World Cup Football GIF by OneFootball Heads,gif,2026-06-18T14:29:24+0000,1781792964,13896
2026-07-08,qY5hBUyiQSBf79ntVr,France Football GIF by OneFootball Heads,gif,2026-06-18T14:29:18+0000,1781792958,5570
2026-07-08,V2cgY6r7FOSTkCgBS1,Germany Football GIF by OneFootball Heads,gif,2026-06-18T14:29:11+0000,1781792951,9847
2026-07-08,KcWVxQd0HvsbqguiXS,France Football GIF by OneFootball Heads,gif,2026-06-18T14:29:04+0000,1781792944,82862
2026-07-08,z2RmddzZET8w5zZtyb,World Cup Football GIF by OneFootball Heads,gif,2026-06-18T14:28:59+0000,1781792939,37882
2026-07-08,GMsykn2kFJhMIBPMb9,World Cup Football GIF by OneFootball Heads,gif,2026-06-18T14:28:53+0000,1781792933,15666
2026-07-08,U6zenm1kWFjycNTkdz,France Football GIF by OneFootball Heads,gif,2026-06-18T14:28:47+0000,1781792927,12277
2026-07-08,V65BD1iwdbErs5NDw7,World Cup Football GIF by OneFootball Heads,gif,2026-06-18T14:28:41+0000,1781792921,20511
2026-07-08,KR0ABF8z9pul0Xn1vj,World Cup Football GIF by OneFootball Heads,gif,2026-06-18T14:28:28+0000,1781792908,7968
2026-07-08,kmGi3ucTvgLv6pA7rE,World Cup Football GIF by OneFootball Heads,gif,2026-06-18T14:28:23+0000,1781792903,29180
2026-07-08,xQNauBqQ1WrqCAPuRE,World Cup Football GIF by OneFootball Heads,gif,2026-06-18T14:28:16+0000,1781792896,17563
2026-07-08,KlL7G6C1HWtdM3YHse,Germany Football GIF by OneFootball Heads,gif,2026-06-18T14:28:10+0000,1781792890,7192
2026-07-08,Jj6MUSSOBIS7iy4cHl,World Cup Football GIF by OneFootball Heads,gif,2026-06-18T14:28:04+0000,1781792884,20268
2026-07-08,o582qaiYg31UCY2MHB,World Cup Football GIF by OneFootball Heads,gif,2026-06-18T14:27:58+0000,1781792878,7647
2026-07-08,MVdhlDm19paYqtsMfF,Germany Football GIF by OneFootball Heads,gif,2026-06-18T14:27:52+0000,1781792872,8526
2026-07-08,M3DQRSj2ZR4BSXZMlX,World Cup Football GIF by OneFootball Heads,gif,2026-06-18T14:27:46+0000,1781792866,14182
2026-07-08,Fh1YBOMQy8ivv5QNzd,World Cup Football GIF by OneFootball Heads,gif,2026-06-18T14:27:41+0000,1781792861,7665
2026-07-08,1L3Mvo7LQ6VfgJJT6I,World Cup Football GIF by OneFootball Heads,gif,2026-06-18T14:27:35+0000,1781792855,64877
2026-07-08,FQaUqL5cxE07TVmEbM,World Cup Football GIF by OneFootball Heads,gif,2026-06-18T14:27:29+0000,1781792849,9207
2026-07-08,D41XyjutopurXno57q,World Cup Football GIF by OneFootball Heads,gif,2026-06-18T14:27:24+0000,1781792844,26972
2026-07-08,zIf83ye6vDhxzHKtUd,Germany Football GIF by OneFootball Heads,gif,2026-06-18T14:27:18+0000,1781792838,10263
2026-07-08,aow0lDW9gAStommdsS,World Cup Football GIF by OneFootball Heads,gif,2026-06-18T14:27:13+0000,1781792833,53205
2026-07-08,wulH1pzgOUFXQQNyor,World Cup Football GIF by OneFootball Heads,gif,2026-06-18T14:27:07+0000,1781792827,11555
2026-07-08,QQeMYCJmSK3CvnW69G,World Cup Football GIF by OneFootball Heads,gif,2026-06-18T14:27:01+0000,1781792821,10200
2026-07-08,UR5a8u78Xa7VdtyJIS,World Cup Football GIF by OneFootball Heads,gif,2026-06-18T14:26:56+0000,1781792816,13996
2026-07-08,9IwfTwulCPEiDADHzx,World Cup Football GIF by OneFootball Heads,gif,2026-06-18T14:26:49+0000,1781792809,36731
2026-07-08,29Z7C8nHD9ijZuMqTV,World Cup Football GIF by OneFootball Heads,gif,2026-06-18T14:26:43+0000,1781792803,28407
2026-07-08,7uuBgvGPs6E5EttML4,World Cup Football GIF by OneFootball Heads,gif,2026-06-18T14:26:37+0000,1781792797,11410
2026-07-08,4QXKOejCxZAOvUfjxZ,World Cup Football GIF by OneFootball Heads,gif,2026-06-18T14:26:30+0000,1781792790,11895
2026-07-08,p6hxl3FX2QtPN1eWsj,World Cup Football GIF by OneFootball Heads,gif,2026-06-18T14:26:24+0000,1781792784,34503
2026-07-08,HviuxhG9WFXzbBpjJe,World Cup Football GIF by OneFootball Heads,gif,2026-06-18T14:26:13+0000,1781792773,17955
2026-07-08,5b6DvVHMPq5kG9QBE7,World Cup Football GIF by OneFootball Heads,gif,2026-06-18T14:26:06+0000,1781792766,8660
2026-07-08,Zw9IYZoi4lR40x6kOh,World Cup Football GIF by OneFootball Heads,gif,2026-06-18T14:25:59+0000,1781792759,16950
2026-07-08,FXlBfysZeccejSPXLN,World Cup Football GIF by OneFootball Heads,gif,2026-06-18T14:25:54+0000,1781792754,24000
2026-07-08,j70G4xGbIAyl69HjSG,World Cup Football GIF by OneFootball Heads,gif,2026-06-18T14:25:47+0000,1781792747,28245
2026-07-08,qvGvze34SYzFy0IOjo,World Cup Football GIF by OneFootball Heads,gif,2026-06-18T14:25:41+0000,1781792741,25339
2026-07-08,XIxeCLHT9zVohiL4T9,World Cup Football GIF by OneFootball Heads,gif,2026-06-18T14:25:35+0000,1781792735,55092
2026-07-08,nfDB8cFWhS4Dee2sgL,France Football GIF by OneFootball Heads,gif,2026-06-18T14:25:29+0000,1781792729,11115
2026-07-08,yiNGJnacgioeujOFDw,France Football GIF by OneFootball Heads,gif,2026-06-18T14:25:24+0000,1781792724,14008
2026-07-08,UM7sju7MO1wK6KpVdR,World Cup Football GIF by OneFootball Heads,gif,2026-06-18T14:25:18+0000,1781792718,6496
2026-07-08,2AHzoH7CI4TQeyzYCD,France Football GIF by OneFootball Heads,gif,2026-06-18T14:25:12+0000,1781792712,7236
2026-07-08,RUcKKOR9LAGm3Sy9CY,World Cup Football GIF by OneFootball Heads,gif,2026-06-18T14:25:06+0000,1781792706,34460
2026-07-08,ymR0THwsC0ryufBoCC,World Cup Football GIF by OneFootball Heads,gif,2026-06-18T13:00:11+0000,1781787611,62916
2026-07-08,l5ZWNLnfskv9LTE03S,World Cup Football GIF by OneFootball Heads,gif,2026-06-18T12:59:41+0000,1781787581,18206
2026-07-08,GGxYV9J86hAuLOftmX,World Cup Football GIF by OneFootball Heads,gif,2026-06-18T12:59:35+0000,1781787575,65602
2026-07-08,YRgKKGuDWNqdVKUsJK,World Cup Football GIF by OneFootball Heads,gif,2026-06-18T12:59:29+0000,1781787569,43419
2026-07-08,sgLnfOIYS7BUIHXUxC,World Cup Football GIF by OneFootball Heads,gif,2026-06-18T12:59:23+0000,1781787563,15587
2026-07-08,hvHkkgdpNyYBCNwWii,World Cup Football GIF by OneFootball Heads,gif,2026-06-18T12:59:17+0000,1781787557,13798
2026-07-08,ocHIQm4HwUXQHcA1U0,World Cup Football GIF by OneFootball Heads,gif,2026-06-18T12:59:12+0000,1781787552,9053
2026-07-08,hZtR0YEJJ66b1a0Yrb,World Cup Football GIF by OneFootball Heads,gif,2026-06-18T12:59:06+0000,1781787546,6478
2026-07-08,QSA6gWBwyyXJIzo0gE,World Cup Football GIF by OneFootball Heads,gif,2026-06-18T12:59:00+0000,1781787540,9879
2026-07-08,99L1Ri4cmx4aZ82imT,World Cup Football GIF by OneFootball Heads,gif,2026-06-18T12:58:52+0000,1781787532,25139
2026-07-08,T0MPbboDiC4fnKtpKF,World Cup Football GIF by OneFootball Heads,gif,2026-06-18T12:58:48+0000,1781787528,34155
2026-07-08,XCGc4SGOCWsIxXCteW,World Cup Football GIF by OneFootball Heads,gif,2026-06-18T12:58:42+0000,1781787522,48360
2026-07-08,zSoJATxvNy74D0WE4l,World Cup Football GIF by OneFootball Heads,gif,2026-06-18T12:58:36+0000,1781787516,20406
2026-07-08,uCLrRaHsmPHmSNVkY8,World Cup Football GIF by OneFootball Heads,gif,2026-06-18T12:58:30+0000,1781787510,18338
2026-07-08,tsiV9e5BNYJs9N63xu,World Cup Football GIF by OneFootball Heads,gif,2026-06-18T12:58:25+0000,1781787505,32750
2026-07-08,vWQ3cNvlZdFGn4P8mC,World Cup Football GIF by OneFootball Heads,gif,2026-06-18T12:58:20+0000,1781787500,8568
2026-07-08,m6uaoa7xX7Dg2HnF6p,World Cup Football GIF by OneFootball Heads,gif,2026-06-18T12:58:12+0000,1781787492,6393
2026-07-08,tG40NFJ94fjjn3vRXR,World Cup Football GIF by OneFootball Heads,gif,2026-06-18T12:58:01+0000,1781787481,54163
2026-07-08,Gs7S4vm03HWudtCUxT,World Cup Football GIF by OneFootball Heads,gif,2026-06-18T12:57:56+0000,1781787476,60303
2026-07-08,lDvigQV6SivDb1PP17,World Cup Football GIF by OneFootball Heads,gif,2026-06-18T12:57:51+0000,1781787471,26744
2026-07-08,6nsJtjKzfX0DYG6Fg8,World Cup Football GIF by OneFootball Heads,gif,2026-06-18T12:57:47+0000,1781787467,21756
2026-07-08,SQwDBfwWSCoRe4PcNJ,World Cup Football GIF by OneFootball Heads,gif,2026-06-18T12:57:43+0000,1781787463,17085
2026-07-08,UwKnpGaeFmihxIEt4Z,World Cup Football GIF by OneFootball Heads,gif,2026-06-18T12:57:38+0000,1781787458,26018
2026-07-08,TfKAAlWTfJBh06kQ5S,World Cup Football GIF by OneFootball Heads,gif,2026-06-18T12:57:33+0000,1781787453,8490
2026-07-08,rI4yCkQXsGkvkN6qQy,World Cup Football GIF by OneFootball Heads,gif,2026-06-18T12:57:28+0000,1781787448,8832
2026-07-08,x6u2P1xWEqpnimsun6,World Cup Football GIF by OneFootball Heads,gif,2026-06-18T12:57:22+0000,1781787442,14947
2026-07-08,aFoEcC8r12zpxNNvSz,World Cup Football GIF by OneFootball Heads,gif,2026-06-18T12:57:16+0000,1781787436,5684
2026-07-08,Atdw4UUjkYNWJaCahh,World Cup Football GIF by OneFootball Heads,gif,2026-06-18T12:57:11+0000,1781787431,11117
2026-07-08,2XhJxylc2hyATdyLCy,World Cup Football GIF by OneFootball Heads,gif,2026-06-18T12:57:05+0000,1781787425,35562
2026-07-08,NZNjSEXDfUQbmupjJW,World Cup Football GIF by OneFootball Heads,gif,2026-06-18T12:56:59+0000,1781787419,48148
2026-07-08,a8ZxCyyxdwfSsqTwsL,World Cup Football GIF by OneFootball Heads,gif,2026-06-18T12:56:54+0000,1781787414,74879
2026-07-08,PJDjRlqkTOWG8CAWNa,World Cup Football GIF by OneFootball Heads,gif,2026-06-18T12:56:48+0000,1781787408,52056
2026-07-08,5bLSkn2OEV2LU4IPHI,World Cup Football GIF by OneFootball Heads,gif,2026-06-18T12:56:42+0000,1781787402,40301
2026-07-08,cYELoocQoVRmY2GRJq,World Cup Football GIF by OneFootball Heads,gif,2026-06-18T12:56:35+0000,1781787395,207407
2026-07-08,tRWPZFwfKYTcaQ0Vut,World Cup Football GIF by OneFootball Heads,gif,2026-06-18T12:56:28+0000,1781787388,11197
2026-07-08,kAZI2CjoJeDdkShdIp,World Cup Football GIF by OneFootball Heads,gif,2026-06-18T12:56:24+0000,1781787384,7241
2026-07-08,hVlGeCHhXYdIj5VuGy,World Cup Football GIF by OneFootball Heads,gif,2026-06-18T12:56:18+0000,1781787378,11962
2026-07-08,WxKKJGKsUUWPJgkf4N,World Cup Football GIF by OneFootball Heads,gif,2026-06-18T12:56:13+0000,1781787373,38346
2026-07-08,WxxWLGWv6UUZdsT2lS,World Cup Football GIF by OneFootball Heads,gif,2026-06-18T12:56:07+0000,1781787367,51788
2026-07-08,btR3gAi7NqgMjA2aNz,World Cup Football GIF by OneFootball Heads,gif,2026-06-18T12:55:31+0000,1781787331,5071
2026-07-08,3bdT6rswZrdJAAXyIY,World Cup Football GIF by OneFootball Heads,gif,2026-06-18T12:55:26+0000,1781787326,5916
2026-07-08,tPrbmCVHFFg7K72O3L,World Cup Football GIF by OneFootball Heads,gif,2026-06-18T12:55:20+0000,1781787320,5431
2026-07-08,K4y1b339hvcqk45WJ9,World Cup Football GIF by OneFootball Heads,gif,2026-06-18T12:55:15+0000,1781787315,233574
2026-07-08,oLP7BIj99u0sFUlnsV,World Cup Football GIF by OneFootball Heads,gif,2026-06-18T12:55:09+0000,1781787309,14530
2026-07-08,x3LVct059nDJWWHnBs,World Cup Football GIF by OneFootball Heads,gif,2026-06-18T12:55:04+0000,1781787304,14693
2026-07-08,yK7UnYilNJehrLYsIm,World Cup Football GIF by OneFootball Heads,gif,2026-06-18T12:54:59+0000,1781787299,51615
2026-07-08,gWRf9HI5C42rN1HirJ,World Cup Football GIF by OneFootball Heads,gif,2026-06-18T12:54:53+0000,1781787293,76064
2026-07-08,xoGxhyhEQOp0jXphxx,World Cup Football GIF by OneFootball Heads,gif,2026-06-18T12:54:47+0000,1781787287,110584
2026-07-08,J3HhbqcC2mKM6eetbu,World Cup Football GIF by OneFootball Heads,gif,2026-06-18T12:54:42+0000,1781787282,32778
2026-07-08,DArpiMDTC0np9ytWe8,World Cup Football GIF by OneFootball Heads,gif,2026-06-18T12:54:37+0000,1781787277,31416
2026-07-08,hUgUnBmpjUXA8w2eBC,World Cup Football GIF by OneFootball Heads,gif,2026-06-18T12:54:32+0000,1781787272,55299
2026-07-08,RjBXlk32cZwWJwL4gS,World Cup Football GIF by OneFootball Heads,gif,2026-06-18T12:54:27+0000,1781787267,10071
2026-07-08,ZeK2ek6RtyEL73iY0B,World Cup Football GIF by OneFootball Heads,gif,2026-06-18T12:54:20+0000,1781787260,37411
2026-07-08,bff86XIkSNuway0pUU,World Cup Football GIF by OneFootball Heads,gif,2026-06-18T12:54:16+0000,1781787256,79155
2026-07-08,IvciiQcSOnH7gFlwnK,World Cup Football GIF by OneFootball Heads,gif,2026-06-18T12:54:11+0000,1781787251,38564
2026-07-08,9F3kTka3lWs1MoyUW4,World Cup Football GIF by OneFootball Heads,gif,2026-06-18T12:54:03+0000,1781787243,30079
2026-07-08,ncRqGV6vGvUMh7oR7x,World Cup Football GIF by OneFootball Heads,gif,2026-06-18T12:53:56+0000,1781787236,82146
2026-07-08,gMAqaGlYLH1LnHhSQu,World Cup Football GIF by OneFootball Heads,gif,2026-06-18T12:53:51+0000,1781787231,18244
2026-07-08,kg7ti21Zmn5y1AtniN,World Cup Football GIF by OneFootball Heads,gif,2026-06-18T12:53:46+0000,1781787226,19247
2026-07-08,XR7PHHrmVHtqEK1gol,World Cup Football GIF by OneFootball Heads,gif,2026-06-18T12:53:40+0000,1781787220,39942
2026-07-08,HeFCcdgF37XybNbJM1,World Cup Football GIF by OneFootball Heads,gif,2026-06-18T12:53:35+0000,1781787215,24652
2026-07-08,XniMEEmJBr9ukfaFPg,World Cup Football GIF by OneFootball Heads,gif,2026-06-18T12:53:30+0000,1781787210,10642
2026-07-08,z3cQyCScaa6eQAPGxM,World Cup Football GIF by OneFootball Heads,gif,2026-06-18T12:53:25+0000,1781787205,20577
2026-07-08,bbd845md4bBhtzxnP2,World Cup Football GIF by OneFootball Heads,gif,2026-06-18T12:53:20+0000,1781787200,12178
2026-07-08,IhRt3YlSBJDDGKmVfA,World Cup Football GIF by OneFootball Heads,gif,2026-06-18T12:53:15+0000,1781787195,9310
2026-07-08,ob50T7GkSbkLLSRhQn,World Cup Football GIF by OneFootball Heads,gif,2026-06-18T12:53:10+0000,1781787190,9701
2026-07-08,2MJOk63MZDgJLnCWbP,Germany Football GIF by OneFootball Heads,gif,2026-06-18T12:53:05+0000,1781787185,6038
2026-07-08,tUcJ0CqH4BsIKAIDrB,Germany Football GIF by OneFootball Heads,gif,2026-06-18T12:53:00+0000,1781787180,14871
2026-07-08,HOOTxxN5gUjEhJDUzT,Germany Football GIF by OneFootball Heads,gif,2026-06-18T12:52:54+0000,1781787174,9506
2026-07-08,MibqmLIdqxwQepv1u4,France Football GIF by OneFootball Heads,gif,2026-06-18T12:52:50+0000,1781787170,8068
2026-07-08,zQxSWfx8MQYyxMzLTW,France Football GIF by OneFootball Heads,gif,2026-06-18T12:52:43+0000,1781787163,9053
2026-07-08,QgBxz4jlNWpq4U0VBL,France Football GIF by OneFootball Heads,gif,2026-06-18T12:52:37+0000,1781787157,12192
2026-07-08,akR7RsXOEBsCpVxsp6,World Cup Football GIF by OneFootball Heads,gif,2026-06-18T12:52:32+0000,1781787152,7430
2026-07-08,Foo1QLxlFskrsgYXD8,World Cup Football GIF by OneFootball Heads,gif,2026-06-18T12:52:25+0000,1781787145,28465
2026-07-08,JGpns399tHOQYO7P9u,World Cup Football GIF by OneFootball Heads,gif,2026-06-18T12:52:18+0000,1781787138,9956
2026-07-08,aZhAXcAN33Makb02CK,World Cup Football GIF by OneFootball Heads,gif,2026-06-18T12:52:12+0000,1781787132,109657
2026-07-08,mruAYNxpRfWT7zWOVa,World Cup Football GIF by OneFootball Heads,gif,2026-06-18T12:52:04+0000,1781787124,51455
2026-07-08,dgXu5U7aMzbfILnDcj,World Cup Football GIF by OneFootball Heads,gif,2026-06-18T12:51:59+0000,1781787119,151901
2026-07-08,d6ZMxXqdHwzsYsjIfP,World Cup Football GIF by OneFootball Heads,gif,2026-06-18T12:51:54+0000,1781787114,16707
2026-07-08,QoVAe2QifgvhK2rnTG,Si Se Puede World Cup GIF by OneFootball Heads,gif,2026-06-18T12:51:49+0000,1781787109,138860
2026-07-08,NFlNPPsEU6FSGuOk3e,World Cup Football GIF by OneFootball Heads,gif,2026-06-18T12:51:43+0000,1781787103,64954
2026-07-08,pq5a9erYX0mupYAw0r,World Cup Football GIF by OneFootball Heads,gif,2026-06-18T12:51:38+0000,1781787098,6263
2026-07-08,9Se0FcKFZFCt7lM2x3,World Cup Football GIF by OneFootball Heads,gif,2026-06-18T12:51:33+0000,1781787093,5951
2026-07-08,9YVJ3QFI0T2T1huuOt,World Cup Football GIF by OneFootball Heads,gif,2026-06-18T12:51:29+0000,1781787089,21152
2026-07-08,M466iBsWoTlNojJbyk,World Cup Football GIF by OneFootball Heads,gif,2026-06-18T12:51:23+0000,1781787083,29794
2026-07-08,Ksyo02KzynpxSGIdiu,World Cup Football GIF by OneFootball Heads,gif,2026-06-18T12:51:19+0000,1781787079,19857
2026-07-08,EsTiklBWYzosIzPluo,World Cup Football GIF by OneFootball Heads,gif,2026-06-18T12:51:14+0000,1781787074,22138
2026-07-08,xd0DzHA90wF0QspRKE,World Cup Football GIF by OneFootball Heads,gif,2026-06-18T12:51:09+0000,1781787069,134112
2026-07-08,AhaWzd6OjdlgzY8poL,World Cup Football GIF by OneFootball Heads,gif,2026-06-18T12:51:03+0000,1781787063,14772
2026-07-08,fLLDOs1PXL5od8aETL,World Cup Football GIF by OneFootball Heads,gif,2026-06-18T12:50:59+0000,1781787059,8566
2026-07-08,AkjBpF1TnoWQNI57N8,World Cup Football GIF by OneFootball Heads,gif,2026-06-18T12:50:54+0000,1781787054,14204
2026-07-08,wvmHbFg1ExLSSKMaOD,World Cup Football GIF by OneFootball Heads,gif,2026-06-18T12:50:49+0000,1781787049,115115
2026-07-08,8tQLdg1TjgKBuuPbco,World Cup Football GIF by OneFootball Heads,gif,2026-06-18T12:50:43+0000,1781787043,408380
2026-07-08,Ei2OUMXIhbpl8zcg07,World Cup Football GIF by OneFootball Heads,gif,2026-06-18T12:50:37+0000,1781787037,25180
2026-07-08,1knediJpPduWeBBS7N,World Cup Football GIF by OneFootball Heads,gif,2026-06-18T12:50:32+0000,1781787032,24090
2026-07-08,eGITs6JOnYa9vtjIwc,World Cup Football GIF by OneFootball Heads,gif,2026-06-18T12:50:26+0000,1781787026,90385
2026-07-08,ywVDodGGYpgsU7vb0Q,World Cup Football GIF by OneFootball Heads,gif,2026-06-18T12:50:20+0000,1781787020,26005
2026-07-08,LIqRddsJ488WR7JkgG,World Cup Football GIF by OneFootball Heads,gif,2026-06-18T12:50:14+0000,1781787014,47344
2026-07-08,dBEeUL0mbzScibZaSv,World Cup Football GIF by OneFootball Heads,gif,2026-06-18T12:50:09+0000,1781787009,12627
2026-07-08,s4hSWA7C4PRGJwjwkp,World Cup Football GIF by OneFootball Heads,gif,2026-06-18T12:50:03+0000,1781787003,12006
2026-07-08,kAVvf8QMmCmXU7NDA6,World Cup Football GIF by OneFootball Heads,gif,2026-06-18T12:49:59+0000,1781786999,8377
2026-07-08,XHby9xOM0HPzPJ6tqF,World Cup Football GIF by OneFootball Heads,gif,2026-06-18T12:49:53+0000,1781786993,9609
2026-07-08,LM6727wPq5tzhvVLMJ,World Cup Football GIF by OneFootball Heads,gif,2026-06-18T12:49:48+0000,1781786988,20713
2026-07-08,RJZFIKDrvM9UVstlHg,World Cup Football GIF by OneFootball Heads,gif,2026-06-18T12:49:42+0000,1781786982,36339
2026-07-08,tZ7DeEmaE9nn2rqcF3,World Cup Football GIF by OneFootball Heads,gif,2026-06-18T12:49:36+0000,1781786976,40771
2026-07-08,XQGaZGKKKFL5DGdt4Y,Vamos Argentina World Cup GIF by OneFootball Heads,gif,2026-06-18T12:49:31+0000,1781786971,54249
2026-07-08,wdwglOfifi6NYq9tjO,World Cup Football GIF by OneFootball Heads,gif,2026-06-18T12:49:26+0000,1781786966,31002
2026-07-08,Lg6tJBqeg7Z8iHTvJK,World Cup Football GIF by OneFootball Heads,gif,2026-06-18T12:49:20+0000,1781786960,158942
2026-07-08,VFmjfFzMv0JETVuokv,World Cup Football GIF by OneFootball Heads,gif,2026-06-18T12:49:11+0000,1781786951,425356
2026-07-08,X8U2NmVTuTntFxGesd,Football Fan Vacation GIF by OneFootball Heads,gif,2026-05-22T01:55:27+0000,1779414927,165104
2026-07-08,An7uqeayxR5J8dKHu4,Level Up Football Meme GIF by OneFootball Heads,gif,2026-05-22T01:55:13+0000,1779414913,96403
2026-07-08,WCIkiuYpS3S6XKV8Rn,Cope Football Fan GIF by OneFootball Heads,gif,2026-05-22T01:55:00+0000,1779414900,35566
2026-07-08,QytjwhKBE2ObyydwQb,Big Game Matchday GIF by OneFootball Heads,gif,2026-05-22T01:54:53+0000,1779414893,108865
2026-07-08,Jzp6EmR66Abn9ExWls,Football Fan Transfer GIF by OneFootball Heads,gif,2026-05-22T01:54:39+0000,1779414879,39838
2026-07-08,6UDc6ioncYRxWDnp0G,Signing Football Fan GIF by OneFootball Heads,gif,2026-05-22T01:54:32+0000,1779414872,195977
2026-07-08,2FbqKii3sahcmtOgU2,Opening Day Hype GIF by OneFootball Heads,gif,2026-05-22T01:54:23+0000,1779414863,31241
2026-07-08,592ZMrdelj8j8DlQ2w,Football Fan Summer GIF by OneFootball Heads,gif,2026-05-22T01:54:17+0000,1779414857,54403
2026-07-08,R3h2NcJNbFNBpS4g6q,Out Of Office Season GIF by OneFootball Heads,gif,2026-05-22T01:54:10+0000,1779414850,111724
2026-07-08,b40vcDOn7iizajr2oM,Football Fan Scout GIF by OneFootball Heads,gif,2026-05-22T01:53:30+0000,1779414810,143719
2026-07-08,JhkFcH98uvMrnDgmn6,Sarcastic Football Fan GIF by OneFootball Heads,gif,2026-05-22T01:53:22+0000,1779414802,40689
2026-07-08,JkGNpFYB3cY7FHn9sx,Champions League Vibes GIF by OneFootball Heads,gif,2026-05-22T01:53:15+0000,1779414795,17828
2026-07-08,DBNUsVBmNhdqMaetuc,Champions League Knockout GIF by OneFootball Heads,gif,2026-05-22T01:53:08+0000,1779414788,23667
2026-07-08,dxie0mdUARIwhn2yee,Champions League Uefa GIF by OneFootball Heads,gif,2026-05-22T01:53:01+0000,1779414781,35272
2026-07-08,HoEkTdvUpnS9WvVPcF,Football Waiting GIF by OneFootball Heads,gif,2026-05-18T15:31:16+0000,1779118276,173026
2026-07-08,8Ju2XpAU8kax6RU9pd,Digital Art Crypto GIF by OneFootball Heads,gif,2026-05-18T15:31:09+0000,1779118269,57637
2026-07-08,UGSaXOiJokVFwXEoAT,Confused Crypto GIF by OneFootball Heads,gif,2026-05-18T15:31:03+0000,1779118263,12634
2026-07-08,RlkKf5MBzEjqzqN3Pt,Excited Crypto GIF by OneFootball Heads,gif,2026-05-18T15:30:57+0000,1779118257,31707
2026-07-08,OlLlVUZxrcqZm6RPza,Excited Digital Art GIF by OneFootball Heads,gif,2026-05-18T15:30:50+0000,1779118250,12775
2026-07-08,jxA1BBEg6NzTQL7pvd,Football Love GIF by OneFootball Heads,gif,2026-05-18T15:30:43+0000,1779118243,113144
2026-07-08,TL448BG9MrQXfVRka2,Happy Good Vibes GIF by OneFootball Heads,gif,2026-05-18T15:30:36+0000,1779118236,59506
2026-07-08,0jVa8eudaK9tG5KOUh,Nervous World Cup GIF by OneFootball Heads,gif,2026-05-18T15:30:25+0000,1779118225,139518
2026-07-08,NCXTJOeB6clLl1XIHm,Frustrated Football Fan GIF by OneFootball Heads,gif,2026-05-18T15:30:18+0000,1779118218,34160
2026-07-08,RKSWD89SckpaCkF7lB,World Cup Waiting GIF by OneFootball Heads,gif,2026-05-18T15:30:11+0000,1779118211,43992
2026-07-08,v5PJmNVxWOTTThmnQg,Excited World Cup GIF by OneFootball Heads,gif,2026-05-18T15:30:00+0000,1779118200,83672
2026-07-08,fsCP6Oda0qmhcNPKE1,Tag4 Tag5 GIF by OneFootball Heads,gif,2026-05-18T05:09:54+0000,1779080994,32085
2026-07-08,oT8h0iLmJVj4OORrVw,Football Celebrate GIF by OneFootball Heads,gif,2026-05-18T05:05:15+0000,1779080715,5076
2026-07-08,sT7JTqgV96345rxK6n,Nervous Football GIF by OneFootball Heads,gif,2026-05-18T05:05:03+0000,1779080703,19252
2026-07-08,oEK27lR1AH4L1uw531,Fantasy Football GIF by OneFootball Heads,gif,2026-05-18T05:04:57+0000,1779080697,21401
2026-07-08,XzFg2ZpcLiS4s3N1KC,Football Winning GIF by OneFootball Heads,gif,2026-05-18T05:04:51+0000,1779080691,49540
2026-07-08,maNlF3eSXasPrO4QdO,Time Out Football GIF by OneFootball Heads,gif,2026-03-26T22:33:20+0000,1774564400,94824
2026-07-08,czdCrCBERAQKBOfOLo,Football Soccer GIF by OneFootball Heads,gif,2026-03-26T22:33:15+0000,1774564395,180973
2026-07-08,vtBtvkJFk09naDtqBk,Football Frown GIF by OneFootball Heads,gif,2026-03-26T22:33:09+0000,1774564389,88666
2026-07-08,PMny68XCKFiABxd1SZ,Hat Trick Football GIF by OneFootball Heads,gif,2026-03-26T22:33:05+0000,1774564385,527825
2026-07-08,NKb9LW9MrxO48Cd9Mu,Not Funny Football GIF by OneFootball Heads,gif,2026-03-26T22:32:55+0000,1774564375,25399
2026-07-08,6guW2txh6RAr0RCnTP,April Fools Football GIF by OneFootball Heads,gif,2026-03-26T22:32:51+0000,1774564371,128587
2026-07-08,6o7c1nxSuBTp6XIMzm,Football Soccer GIF by OneFootball Heads,gif,2026-03-26T22:32:44+0000,1774564364,666345
2026-07-08,kFnvhvvnxA6KwTnIzA,Hat-Trick Football GIF by OneFootball Heads,gif,2026-03-26T22:32:38+0000,1774564358,381783
2026-07-08,ZEleEa4pY0l7ufKnSY,Hat Trick Football GIF by OneFootball Heads,gif,2026-03-26T22:32:31+0000,1774564351,46633
2026-07-08,pPGGvsQjn9xJb55F8i,Hat Trick Football GIF by OneFootball Heads,gif,2026-03-26T22:32:23+0000,1774564343,86179
2026-07-08,HXbjrTClytGyPjam3M,Hat-Trick Football GIF by OneFootball Heads,gif,2026-03-26T22:32:17+0000,1774564337,3379151
2026-07-08,2fR6fBgW6BZU1CPIqG,Easter Bunny Football GIF by OneFootball Heads,gif,2026-03-26T22:32:11+0000,1774564331,76606
2026-07-08,7HumoY5K6oo1enpFWe,Easter Bunny Football GIF by OneFootball Heads,gif,2026-03-26T22:32:07+0000,1774564327,163578
2026-07-08,Z43RfKcmhr06OQ5ae2,Easter Eggs Football GIF by OneFootball Heads,gif,2026-03-26T22:32:01+0000,1774564321,81791
2026-07-08,9bIcqjJn0WBjTCqQOT,Dance Football GIF by OneFootball Heads,gif,2026-03-26T22:31:56+0000,1774564316,179014
2026-07-08,MZExsocb7ggfMPqiBk,Football Soccer GIF by OneFootball Heads,gif,2026-03-26T22:31:48+0000,1774564308,43901
2026-07-08,EMrPMmyufe1a1Tz1A5,Full Time Football GIF by OneFootball Heads,gif,2026-03-26T22:31:43+0000,1774564303,148053
2026-07-08,GMibniHgHabH5FsvSf,Football Soccer GIF by OneFootball Heads,gif,2026-03-26T22:31:38+0000,1774564298,209472
2026-07-08,shE8kiyTqgMBGFmkLs,April Fools Football GIF by OneFootball Heads,gif,2026-03-26T22:31:34+0000,1774564294,75521
2026-07-08,5ssoenGB420wQegvln,April Fools Football GIF by OneFootball Heads,gif,2026-03-26T22:31:30+0000,1774564290,114669
2026-07-08,lMtSWlhMBsTkmUot5s,April Fools Football GIF by OneFootball Heads,gif,2026-03-26T22:31:24+0000,1774564284,139099
2026-07-08,XCdhyRfbj2GvgufO0u,Football Soccer GIF by OneFootball Heads,gif,2026-03-26T22:31:20+0000,1774564280,956132
2026-07-08,xD1vpKInrkzJ3Fxael,Space Time GIF by OneFootball Heads,gif,2026-02-09T04:39:28+0000,1770611968,22077
2026-07-08,WhOTaSjCzQyMAMBn5v,Podcast Commentator GIF by OneFootball Heads,gif,2026-02-09T04:39:22+0000,1770611962,130456
2026-07-08,DGjlGcceVl5RDQC6v7,Football Podcast GIF by OneFootball Heads,gif,2026-02-09T04:39:16+0000,1770611956,33336
2026-07-08,3So6FuGb7wVk14P481,Happy Holidays GIF by OneFootball Heads,gif,2026-02-09T04:39:11+0000,1770611951,17019
2026-07-08,cfLHHFi62dBMYsloN7,Shocked Whats That GIF by OneFootball Heads,gif,2026-02-09T04:38:50+0000,1770611930,54308
2026-07-08,Oa4QJT3Fb0zQ037mov,Shock Whats That GIF by OneFootball Heads,gif,2026-02-09T04:38:43+0000,1770611923,315853
2026-07-08,QGy9WgPA5wdXUx7yKE,Nara Superfans GIF by OneFootball Heads,gif,2026-02-09T04:38:35+0000,1770611915,156973
2026-07-08,eEEVPZVPzXY9ceK13z,Metal Detector Searching GIF by OneFootball Heads,gif,2026-02-09T04:38:25+0000,1770611905,484095
2026-07-08,ptWaTNOtCbJyFoPOsI,Run Fall Over GIF by OneFootball Heads,gif,2026-02-09T04:38:20+0000,1770611900,72564
2026-07-08,LOVAgqCndxbF0yVSvH,Red Flag Toxic Relationship GIF by OneFootball Heads,gif,2026-02-09T04:38:16+0000,1770611896,65141
2026-07-08,aA455rZHUzTePr7fRv,Happy Holidays GIF by OneFootball Heads,gif,2026-02-09T04:38:11+0000,1770611891,18504
2026-07-08,FjOH5YsFZv0M1wuIBb,Metal Detector GIF by OneFootball Heads,gif,2026-02-09T04:37:32+0000,1770611852,1422253
2026-07-08,no6Mm0U0L9Mv9tzvN9,Nara Superfans GIF by OneFootball Heads,gif,2026-02-09T04:37:27+0000,1770611847,140424
2026-07-08,bfb6MDov8wj5qopEZC,Sad Sorry GIF by OneFootball Heads,gif,2026-02-09T04:37:19+0000,1770611839,57862
2026-07-08,EbEX6H0ZYbCTI9nI25,Sad Mistake GIF by OneFootball Heads,gif,2026-02-09T04:37:13+0000,1770611833,50157
2026-07-08,aW3mqoINZ433Rj4TMz,Happy Green Flag GIF by OneFootball Heads,gif,2026-02-09T04:37:08+0000,1770611828,41705
2026-07-08,Xy1embN5dYLxDL7J1h,Ronaldo Flick GIF by OneFootball Heads,gif,2026-02-09T04:37:02+0000,1770611822,96371
2026-07-08,0f7MezZNdfdf09G5MR,Keeper Penalty GIF by OneFootball Heads,gif,2026-02-09T04:36:58+0000,1770611818,95694
2026-07-08,pUCY24xEv3FuNvWA54,Happy Football GIF by OneFootball Heads,gif,2026-02-09T04:36:54+0000,1770611814,34305
2026-07-08,BuT7JDz3OLtImz82QE,Walk Like An Egyptian Dancing GIF by OneFootball Heads,gif,2026-02-09T04:36:49+0000,1770611809,1111770
2026-07-08,MgeNDcgT4gXYn338jR,Happy Birthday Gift GIF by OneFootball Heads,gif,2026-02-09T04:36:43+0000,1770611803,84200
2026-07-08,rcKw9ZKuo0lLFzIuuZ,Warning Red Flag GIF by OneFootball Heads,gif,2026-02-09T04:36:38+0000,1770611798,242448
2026-07-08,N20tM6nrrXQMl4HYWz,Green Flag Relationships GIF by OneFootball Heads,gif,2026-02-09T04:36:33+0000,1770611793,1092859
2026-07-08,W2qRsuV2W45gij9eyQ,Spotlight Beacon GIF by OneFootball Heads,gif,2026-02-05T11:03:35+0000,1770289415,15409
2026-07-08,hhL4cErWygGzv0PMwl,Pool Party Summer GIF by OneFootball Heads,gif,2026-01-20T14:30:33+0000,1768919433,388964
2026-07-08,XCB5P8yCHz9CiAl41q,I Love You Couple GIF by OneFootball Heads,gif,2026-01-20T14:30:19+0000,1768919419,51849
2026-07-08,IipkQotlmo8Sh1ABvk,Valentines Day Love GIF by OneFootball Heads,gif,2026-01-20T14:30:08+0000,1768919408,19629
2026-07-08,CaEoDtcNHxY0y3Ll4k,Valentines Day GIF by OneFootball Heads,gif,2026-01-20T14:30:02+0000,1768919402,35692
2026-07-08,zKf31joKvY23SQdSTF,I Love You Flower GIF by OneFootball Heads,gif,2026-01-20T14:29:56+0000,1768919396,156891
2026-07-08,GT9cgAAAtfM5JgcZpQ,I Love You Flowers GIF by OneFootball Heads,gif,2026-01-20T14:29:46+0000,1768919386,49590
2026-07-08,01gaL9yoKUBxA6lLSx,I Love You Flowers GIF by OneFootball Heads,gif,2026-01-20T14:29:35+0000,1768919375,94678
2026-07-08,MODuEqgpv6IROKtJrO,Roblox GIF by OneFootball Heads,gif,2026-01-20T14:29:20+0000,1768919360,178121
2026-07-08,2Tmk43f9xbaX1HX5XW,Celebrate World Cup GIF by OneFootball Heads,gif,2026-01-20T05:12:20+0000,1768885940,491014
2026-07-08,VZ9JDjblGrqOCxqVFT,Celebrate World Cup GIF by OneFootball Heads,gif,2026-01-20T05:12:15+0000,1768885935,3036555
2026-07-08,bKDPhQuR4aMtOTfzSz,Celebrate World Cup GIF by OneFootball Heads,gif,2026-01-20T05:12:09+0000,1768885929,350945
2026-07-08,ZfzDxoltZ5FyWrmTJl,Celebrate World Cup GIF by OneFootball Heads,gif,2026-01-20T05:12:03+0000,1768885923,1080750
2026-07-08,0QcUioJ7k6T2xRT6dI,Celebrate World Cup GIF by OneFootball Heads,gif,2026-01-20T05:11:56+0000,1768885916,228725
2026-07-08,MmwWuKZzjxYw05RF8z,Celebrate World Cup GIF by OneFootball Heads,gif,2026-01-20T05:11:48+0000,1768885908,1315151
2026-07-08,4yGaQKJE08kHXPuyMn,Celebrate World Cup GIF by OneFootball Heads,gif,2026-01-20T05:11:41+0000,1768885901,890379
2026-07-08,IvJvPYEXDOoV3ju64N,Celebrate World Cup GIF by OneFootball Heads,gif,2026-01-20T05:11:34+0000,1768885894,1179014
2026-07-08,mLYuk0RvMxWAISGnCA,Celebrate World Cup GIF by OneFootball Heads,gif,2026-01-20T05:11:22+0000,1768885882,60243
2026-07-08,mwnu1QWfjuMZbKdgcp,Celebrate World Cup GIF by OneFootball Heads,gif,2026-01-20T05:11:12+0000,1768885872,942400
2026-07-08,5IYv7MHczMNdqnxWa1,Celebrate World Cup GIF by OneFootball Heads,gif,2026-01-20T05:11:06+0000,1768885866,570027
2026-07-08,3DDxEpa9LhhPXbXpoY,Celebrate World Cup GIF by OneFootball Heads,gif,2026-01-20T05:10:59+0000,1768885859,87779
2026-07-08,QJ4gYE5K7A8FPhPHuX,Celebrate World Cup GIF by OneFootball Heads,gif,2026-01-20T05:10:52+0000,1768885852,251977
2026-07-08,SAyhOhXMo16hk1ceaB,Celebrate World Cup GIF by OneFootball Heads,gif,2026-01-20T05:10:45+0000,1768885845,108663
2026-07-08,3CjwLHLooBGmDorkzF,Celebrate World Cup GIF by OneFootball Heads,gif,2026-01-20T05:10:39+0000,1768885839,552623
2026-07-08,54Lr6tnL43zux7QcZh,Celebrate World Cup GIF by OneFootball Heads,gif,2026-01-20T05:10:30+0000,1768885830,214012
2026-07-08,XjiCTell4KeSfAqaQZ,Celebrate World Cup GIF by OneFootball Heads,gif,2026-01-20T05:10:20+0000,1768885820,79261
2026-07-08,7rJDG9tWHp7KA9rDDq,Celebrate World Cup GIF by OneFootball Heads,gif,2026-01-20T05:10:15+0000,1768885815,37656
2026-07-08,ZIv6jXtuNWmqe8i4d8,Celebrate World Cup GIF by OneFootball Heads,gif,2026-01-20T05:09:53+0000,1768885793,25118
2026-07-08,Px3XFOmPDLjRvP9YeG,Celebrate World Cup GIF by OneFootball Heads,gif,2026-01-20T05:09:34+0000,1768885774,301729
2026-07-08,ej3ZCWbOwLxwRNC2Kg,Celebrate World Cup GIF by OneFootball Heads,gif,2026-01-20T05:09:28+0000,1768885768,149773
2026-07-08,PictPG2QUCZqYQ7QJm,Celebrate World Cup GIF by OneFootball Heads,gif,2026-01-20T05:09:19+0000,1768885759,92298
2026-07-08,r1CQkqGt4aI7wr1Ohw,Celebrate World Cup GIF by OneFootball Heads,gif,2026-01-20T05:09:10+0000,1768885750,179044
2026-07-08,zuMnz0s1el2MO30gjg,Celebrate World Cup GIF by OneFootball Heads,gif,2026-01-20T05:09:02+0000,1768885742,730528
2026-07-08,0rAnJ9bILAp2bIGcpT,Celebrate World Cup GIF by OneFootball Heads,gif,2026-01-20T05:08:55+0000,1768885735,43921
2026-07-08,R4K3oSgQ7goRV5dQW2,Celebrate World Cup GIF by OneFootball Heads,gif,2026-01-20T05:08:49+0000,1768885729,61462
2026-07-08,CQF6AFxLK2g5y2B2NN,Celebrate World Cup GIF by OneFootball Heads,gif,2026-01-20T05:08:43+0000,1768885723,1335248
2026-07-08,WoJ1KruDxKQ1TdT7LG,Celebrate World Cup GIF by OneFootball Heads,gif,2026-01-20T05:08:34+0000,1768885714,491387
2026-07-08,5NxsFyN2WM2HjI1BpK,Celebrate World Cup GIF by OneFootball Heads,gif,2026-01-20T05:08:25+0000,1768885705,166493
2026-07-08,qpJtW9XMVylfz7N32c,Celebrate World Cup GIF by OneFootball Heads,gif,2026-01-20T05:08:16+0000,1768885696,498941
2026-07-08,clODkNL8QqeiiLV871,Celebrate World Cup GIF by OneFootball Heads,gif,2026-01-20T05:08:08+0000,1768885688,299131
2026-07-08,ba5JMnrKk4o9z7yiP0,Celebrate World Cup GIF by OneFootball Heads,gif,2026-01-20T05:08:01+0000,1768885681,2228223
2026-07-08,Brkoiafxyzb94gXrMa,Celebrate World Cup GIF by OneFootball Heads,gif,2026-01-20T05:07:57+0000,1768885677,547503
2026-07-08,3lTznm8qcjuD0dOyof,Celebrate World Cup GIF by OneFootball Heads,gif,2026-01-20T05:07:52+0000,1768885672,1677944
2026-07-08,VSmo1UmSEnNBOkzzKN,Celebrate World Cup GIF by OneFootball Heads,gif,2026-01-20T05:07:46+0000,1768885666,450128
2026-07-08,4zCNON1K71s6JXOFd5,Celebrate World Cup GIF by OneFootball Heads,gif,2026-01-20T05:07:38+0000,1768885658,867809
2026-07-08,VTG38I0RqkksEgqTdJ,Celebrate World Cup GIF by OneFootball Heads,gif,2026-01-20T05:07:31+0000,1768885651,61390
2026-07-08,qhb6MgP55rZQIiJPFf,Celebrate World Cup GIF by OneFootball Heads,gif,2026-01-20T05:07:24+0000,1768885644,289326
2026-07-08,MU4wAQ5AZqlBJTyGFw,Celebrate World Cup GIF by OneFootball Heads,gif,2026-01-20T05:07:16+0000,1768885636,58148
2026-07-08,ykoTW1SqAFoUKMXfwl,Celebrate World Cup GIF by OneFootball Heads,gif,2026-01-20T05:07:09+0000,1768885629,1084326
2026-07-08,Xl33ygtw7ZElNbVTch,Celebrate World Cup GIF by OneFootball Heads,gif,2026-01-20T05:07:02+0000,1768885622,131378
2026-07-08,s6eCu3KXqkq8sKt2pD,World Cup Win GIF by OneFootball Heads,gif,2026-01-20T05:06:54+0000,1768885614,5479095
2026-07-08,m6Ldp765JS1TOc1epw,Celebrate World Cup GIF by OneFootball Heads,gif,2026-01-20T05:06:48+0000,1768885608,68020
2026-07-08,H5b7aOpD0MCxbT3jFO,Celebrate World Cup GIF by OneFootball Heads,gif,2026-01-20T05:06:42+0000,1768885602,272424
2026-07-08,HU5ZX6NCZHrKdAkGtf,Celebrate World Cup GIF by OneFootball Heads,gif,2026-01-20T05:06:35+0000,1768885595,386457
2026-07-08,BxCTf1cNDlhFUdurmO,Celebrate World Cup GIF by OneFootball Heads,gif,2026-01-20T05:06:27+0000,1768885587,464938
2026-07-08,i09kDxdM8snHxPKl1i,Celebrate World Cup GIF by OneFootball Heads,gif,2026-01-20T05:06:21+0000,1768885581,317012
2026-07-08,GAczcLkdTCTPS01kQy,Celebrate World Cup GIF by OneFootball Heads,gif,2026-01-20T05:06:16+0000,1768885576,410419
2026-07-08,N6xT6C3SVJJSwH8Mgl,Celebrate World Cup GIF by OneFootball Heads,gif,2026-01-20T05:06:08+0000,1768885568,46506
2026-07-08,WmTuF4gz4C3ZfoHQGw,Celebrate World Cup GIF by OneFootball Heads,gif,2026-01-20T05:06:00+0000,1768885560,198150
2026-07-08,gfv9pQSjyN83iR0zM0,Celebrate World Cup GIF by OneFootball Heads,gif,2026-01-20T05:05:47+0000,1768885547,1779928
2026-07-08,H1SV8pkPwh24wqRfyd,Celebrate World Cup GIF by OneFootball Heads,gif,2026-01-20T05:05:41+0000,1768885541,1603880
2026-07-08,XYGeNuYFTJxYanc1ij,Celebrate World Cup GIF by OneFootball Heads,gif,2026-01-20T05:05:22+0000,1768885522,925626
2026-07-08,bktvFDtSnncI1w598s,Celebrate World Cup GIF by OneFootball Heads,gif,2026-01-20T05:05:14+0000,1768885514,294697
2026-07-08,Tp7JErC4Ak5ZrF8ciK,Celebrate World Cup GIF by OneFootball Heads,gif,2026-01-20T05:05:08+0000,1768885508,3610631
2026-07-08,ZqZUWuxULL0IZ3XdCW,Celebrate World Cup GIF by OneFootball Heads,gif,2026-01-20T05:05:02+0000,1768885502,409059
2026-07-08,XbEj9EvaOwUas4Zfkd,Celebrate World Cup GIF by OneFootball Heads,gif,2026-01-20T05:04:55+0000,1768885495,479117
2026-07-08,n4eta4zIkCRr6xbK2f,Celebrate Germany GIF by OneFootball Heads,gif,2026-01-20T05:04:48+0000,1768885488,629352
2026-07-08,uXV0BqmxAJt7VKNgZh,Celebrate Germany GIF by OneFootball Heads,gif,2026-01-20T05:04:40+0000,1768885480,394896
2026-07-08,zdfDUrgmjZWA1HNsfu,Celebrate France GIF by OneFootball Heads,gif,2026-01-20T05:04:27+0000,1768885467,79738
2026-07-08,jRRG7jt2Js6MacrDGd,Celebrate France GIF by OneFootball Heads,gif,2026-01-20T05:04:19+0000,1768885459,65764
2026-07-08,9dJzU7bFwJBIWjvWO0,Celebrate World Cup GIF by OneFootball Heads,gif,2026-01-20T05:04:12+0000,1768885452,741466
2026-07-08,qeTcrWW3wozMaIX6Af,Celebrate World Cup GIF by OneFootball Heads,gif,2026-01-20T05:04:05+0000,1768885445,107744
2026-07-08,1MTfxcyrTyUFK9Zp3S,Celebrate World Cup GIF by OneFootball Heads,gif,2026-01-20T05:03:57+0000,1768885437,9024640
2026-07-08,w0t4WTCyVJfbNIAwdR,Celebrate World Cup GIF by OneFootball Heads,gif,2026-01-20T05:03:50+0000,1768885430,631454
2026-07-08,V7KYS0VPWVdhPFUj9Z,Celebrate World Cup GIF by OneFootball Heads,gif,2026-01-20T05:03:43+0000,1768885423,379144
2026-07-08,prWnSRzSzVrBZLv41A,Celebrate World Cup GIF by OneFootball Heads,gif,2026-01-20T05:03:31+0000,1768885411,231100
2026-07-08,7UCWuilJRYlAu15j7U,Celebrate World Cup GIF by OneFootball Heads,gif,2026-01-20T05:03:24+0000,1768885404,3649628
2026-07-08,pTNVcut8Um4qfqAn0v,Celebrate World Cup GIF by OneFootball Heads,gif,2026-01-20T05:03:16+0000,1768885396,836140
2026-07-08,IXMc63EIZGgNlNQNZD,Celebrate World Cup GIF by OneFootball Heads,gif,2026-01-20T05:03:10+0000,1768885390,78559
2026-07-08,QBgFxeacBb59LMX5su,Celebrate World Cup GIF by OneFootball Heads,gif,2026-01-20T05:03:03+0000,1768885383,552552
2026-07-08,wDcx1Rm1hXxGKefyTR,Celebrate World Cup GIF by OneFootball Heads,gif,2026-01-20T05:02:55+0000,1768885375,302769
2026-07-08,X4AaDMS42L6wqp9I4S,Celebrate World Cup GIF by OneFootball Heads,gif,2026-01-20T05:02:48+0000,1768885368,20862
2026-07-08,ZUwEmP2EchPgZetmps,Celebrate World Cup GIF by OneFootball Heads,gif,2026-01-20T05:02:40+0000,1768885360,576645
2026-07-08,PlShyiN5tlquexvBB2,Celebrate World Cup GIF by OneFootball Heads,gif,2026-01-20T05:02:34+0000,1768885354,52867
2026-07-08,S0GO7wvqciKU6znbFW,Celebrate World Cup GIF by OneFootball Heads,gif,2026-01-20T05:02:26+0000,1768885346,25269090
2026-07-08,Zil84rm4wvlWsJqo9C,Celebrate World Cup GIF by OneFootball Heads,gif,2026-01-20T05:02:18+0000,1768885338,9523034
2026-07-08,l23aOmdgpH4PVpPOOF,Celebrate World Cup GIF by OneFootball Heads,gif,2026-01-20T05:02:11+0000,1768885331,282427
2026-07-08,zAo4CHpNAaNDg27lmG,Celebrate World Cup GIF by OneFootball Heads,gif,2026-01-20T05:02:03+0000,1768885323,224019
2026-07-08,wMeQ3go50ahhciuZwK,Celebrate World Cup GIF by OneFootball Heads,gif,2026-01-20T05:01:55+0000,1768885315,120409
2026-07-08,3Ej0FdtgfzHznxfoaW,Celebrate World Cup GIF by OneFootball Heads,gif,2026-01-20T05:01:48+0000,1768885308,97897
2026-07-08,QU3jtBvOsGT110czty,Celebrate World Cup GIF by OneFootball Heads,gif,2026-01-20T05:01:42+0000,1768885302,45464
2026-07-08,kIF7T5i5o9pEglhEHa,Celebrate World Cup GIF by OneFootball Heads,gif,2026-01-20T05:01:37+0000,1768885297,31352
2026-07-08,Y88yhiJDH6tRpPaQ9Y,Celebrate World Cup GIF by OneFootball Heads,gif,2026-01-20T05:01:32+0000,1768885292,23757
2026-07-08,x7ukpMi4J3VotdbBxy,Celebrate World Cup GIF by OneFootball Heads,gif,2026-01-20T05:01:24+0000,1768885284,62334
2026-07-08,soFxWwpvpFThVlZGd4,Celebrate World Cup GIF by OneFootball Heads,gif,2026-01-20T05:01:15+0000,1768885275,290873
2026-07-08,6SPE2NmJboU2RJtzU7,Celebrate World Cup GIF by OneFootball Heads,gif,2026-01-20T05:01:06+0000,1768885266,213991
2026-07-08,g2KaTr5PnaMjjBUagH,Celebrate World Cup GIF by OneFootball Heads,gif,2026-01-20T05:00:58+0000,1768885258,771901
2026-07-08,oowpSQYkmY8zkkApHu,Celebrate World Cup GIF by OneFootball Heads,gif,2026-01-20T05:00:50+0000,1768885250,635383
2026-07-08,vnuMwvlswGMW38poq2,Celebrate World Cup GIF by OneFootball Heads,gif,2026-01-20T05:00:42+0000,1768885242,42095
2026-07-08,W4ZiN0w5JKJF4oK36b,Celebrate World Cup GIF by OneFootball Heads,gif,2026-01-20T05:00:35+0000,1768885235,416210
2026-07-08,cj0jRYyipLPlzwLs0i,Celebrate World Cup GIF by OneFootball Heads,gif,2026-01-20T05:00:24+0000,1768885224,602923
2026-07-08,JcOB2VB2OeXB5ExpHH,Gerald Calm Down GIF by OneFootball Heads,gif,2025-10-31T03:54:48+0000,1761882888,42411
2026-07-08,zbcPsquuTZdA0tMKBx,Celebration Brazil GIF by OneFootball Heads,gif,2025-10-25T01:56:58+0000,1761357418,1048609
2026-07-08,kkOOWhftIUKH1gRFI3,Hype Celebrate GIF by OneFootball Heads,gif,2025-10-23T09:22:13+0000,1761211333,64850
2026-07-08,Smkq4gh20rTCo9XA5K,Football Celebration Superfans GIF by OneFootball Heads,gif,2025-10-23T09:22:01+0000,1761211321,58294
2026-07-08,TnYyD0Y5gHcxxIs60O,Notes Notebook GIF by OneFootball Heads,gif,2025-10-23T09:21:45+0000,1761211305,103737
2026-07-08,cPeIETb5b6zKnkngts,Serious Red Card GIF by OneFootball Heads,gif,2025-10-19T17:12:31+0000,1760893951,379784
2026-07-08,JGbVQO4No1vjY8SRwp,Soccer Warning GIF by OneFootball Heads,gif,2025-10-19T17:12:25+0000,1760893945,118230
2026-07-08,9sKA3ibq7zX02Os7y4,Happy Celebration GIF by OneFootball Heads,gif,2025-10-19T17:12:20+0000,1760893940,311760
2026-07-08,VWeSrHKWQs9WHgEkvh,Well Done Yes GIF by OneFootball Heads,gif,2025-10-19T17:12:07+0000,1760893927,76387
2026-07-08,QMj3VgVVShzZkjSxTd,Jack O Lantern Fun GIF by OneFootball Heads,gif,2025-10-19T17:11:58+0000,1760893918,75113
2026-07-08,BCu7HM8TzjOxYRWxCB,Pumpkin Spice Smile GIF by OneFootball Heads,gif,2025-10-19T17:11:50+0000,1760893910,34567
2026-07-08,SglBDgyXDRttbNrLM2,Soccer Warning GIF by OneFootball Heads,gif,2025-10-19T17:11:43+0000,1760893903,73352
2026-07-08,Atd0AOMP5wrkqhYQpM,Serious Red Card GIF by OneFootball Heads,gif,2025-10-19T17:11:38+0000,1760893898,1468037
2026-07-08,tMZ7ky54PGeypqgalT,Surprise Represent GIF by OneFootball Heads,gif,2025-10-19T17:11:33+0000,1760893893,76787
2026-07-08,4yd3gQjXGb9aFks0bS,Serious Red Card GIF by OneFootball Heads,gif,2025-10-19T17:11:24+0000,1760893884,1989303
2026-07-08,YfVEEx3kXDGBe8YKi8,Podcast Tune In GIF by OneFootball Heads,gif,2025-10-19T17:11:19+0000,1760893879,178949
2026-07-08,fJ9p947OpjYoUJv4pq,Pumpkin Spice Halloween GIF by OneFootball Heads,gif,2025-10-19T17:11:13+0000,1760893873,64891
2026-07-08,TFVI6cSKjVwPaqZVKR,Football Fan Celebration GIF by OneFootball Heads,gif,2025-10-19T17:11:06+0000,1760893866,54385
2026-07-08,Zfddxu8Y4dgWz6ABMI,Well Done Thumbs Up GIF by OneFootball Heads,gif,2025-10-19T17:10:56+0000,1760893856,140422
2026-07-08,n20QOGJq9Smmy5c5Yx,Happy Love It GIF by OneFootball Heads,gif,2025-10-19T17:10:49+0000,1760893849,3830407
2026-07-08,67KY9IKgii3mZDcGQS,Excited Lets Go GIF by OneFootball Heads,gif,2025-10-19T17:10:39+0000,1760893839,478264
2026-07-08,p5EoYWZd7rXnSrk3A4,Serious Stop GIF by OneFootball Heads,gif,2025-10-19T17:10:33+0000,1760893833,505749
2026-07-08,Wmu62LX7EfEYjeZFom,Join In Lets Go GIF by OneFootball Heads,gif,2025-10-19T17:10:27+0000,1760893827,1253924
2026-07-08,ZtAisAoRQRuf0wlOqe,Proud Celebration GIF by OneFootball Heads,gif,2025-10-19T17:10:20+0000,1760893820,574307
2026-07-08,tA9rysiKx5ifhNfO2T,Halloween Smile GIF by OneFootball Heads,gif,2025-10-19T17:10:06+0000,1760893806,83717
2026-07-08,unRjgoWoUAFhPVQLY9,Support Love GIF by OneFootball Heads,gif,2025-10-19T17:09:56+0000,1760893796,83862
2026-07-08,bbQA9p31wBCfGP7Lqq,Red Button No GIF by OneFootball Heads,gif,2025-10-19T17:09:44+0000,1760893784,1193293
2026-07-08,zFJd9Sp0856KS6dVtv,Start Yes GIF by OneFootball Heads,gif,2025-10-19T17:09:36+0000,1760893776,3104487
2026-07-08,vFAra3l66GR59S9K40,Proud Number One GIF by OneFootball Heads,gif,2025-10-19T17:09:31+0000,1760893771,4650828
2026-07-08,StRtbzWfsgs33wpW3M,Excited Team Spirit GIF by OneFootball Heads,gif,2025-10-19T17:09:19+0000,1760893759,48407
2026-07-08,QyRWxP3YleogvGmo01,Jack O Lantern Smile GIF by OneFootball Heads,gif,2025-10-19T17:09:12+0000,1760893752,71051
2026-07-08,9HtqtBJIrXjEyDlqtp,Scoring Football Game GIF by OneFootball Heads,gif,2025-09-11T07:36:44+0000,1757576204,352892
2026-07-08,01KHA2KdMQLQi136pi,Save Big Game GIF by OneFootball Heads,gif,2025-09-11T07:36:40+0000,1757576200,2864123
2026-07-08,GJEvTVbP5UFX1rqFKc,Frustrated Video Games GIF by OneFootball Heads,gif,2025-09-11T07:36:35+0000,1757576195,199039
2026-07-08,N4HpPRFRixdNxu1Fg8,Celebration Hype GIF by OneFootball Heads,gif,2025-09-11T07:36:29+0000,1757576189,174799
2026-07-08,6jMy4ML3746kQCwDNl,Tired Sleep Well GIF by OneFootball Heads,gif,2025-09-11T07:36:23+0000,1757576183,117643
2026-07-08,V5xSpg6PoKMeC6mvhG,Stay Cool Chill GIF by OneFootball Heads,gif,2025-09-11T07:36:13+0000,1757576173,176164
2026-07-08,BjiE1R8mHXxYRRhY0m,Work From Home Swag GIF by OneFootball Heads,gif,2025-09-11T07:36:02+0000,1757576162,90610
2026-07-08,sKf6fbM0Fhn4keHMYX,Big Game Outta This World GIF by OneFootball Heads,gif,2025-09-11T07:35:57+0000,1757576157,137579
2026-07-08,PAHScnX9IEczmvTWFx,Locked In Running GIF by OneFootball Heads,gif,2025-09-11T07:35:53+0000,1757576153,86754
2026-07-08,ydtlZT2ZGwRKUS7k90,Bored Fed Up GIF by OneFootball Heads,gif,2025-09-11T07:35:44+0000,1757576144,222506
2026-07-08,nqEtJ6z9u3zHbdmFq9,Tired Barbecue GIF by OneFootball Heads,gif,2025-09-11T07:35:39+0000,1757576139,105119
2026-07-08,LUgxmNMnZ1OaYHqZGW,Tired Game Over GIF by OneFootball Heads,gif,2025-09-11T07:35:35+0000,1757576135,157047
2026-07-08,zbFMPSL8EgDfqeBgWZ,Save Football Game GIF by OneFootball Heads,gif,2025-09-11T07:35:31+0000,1757576131,1223298
2026-07-08,8rDd90ItBDko5IMjqu,Celebrating Game Time GIF by OneFootball Heads,gif,2025-09-11T07:35:26+0000,1757576126,85692
2026-07-08,CPApJWHvsT3o5VuKVK,Football Fan Bubbles GIF by OneFootball Heads,gif,2025-09-11T07:35:22+0000,1757576122,124339
2026-07-08,7t1kN8b7GyZljUC36u,Football Fan Wow GIF by OneFootball Heads,gif,2025-09-11T07:35:16+0000,1757576116,49129
2026-07-08,1XZi1EWSQLY3rMU5hb,Around The World Football Culture GIF by OneFootball Heads,gif,2025-09-11T07:35:09+0000,1757576109,66124
2026-07-08,MrHh6mgOcdoAAO4tz0,Football Player Running GIF by OneFootball Heads,gif,2025-09-11T07:35:01+0000,1757576101,43827
2026-07-08,xal2XkbIQo668lc27M,Goalkeeper Save GIF by OneFootball Heads,gif,2025-09-11T07:34:57+0000,1757576097,99541
2026-07-08,ew2RAEkOVb0O643Wtj,Good Vibes Dancing GIF by OneFootball Heads,gif,2025-09-11T07:34:53+0000,1757576093,93432
2026-07-08,9h1jNCrbYXENVlj1FP,Happy Game Day GIF by OneFootball Heads,gif,2025-09-11T07:34:45+0000,1757576085,72074
2026-07-08,mp178ZHLC4sHfOgO12,Excited Good Vibes GIF by OneFootball Heads,gif,2025-09-11T07:34:34+0000,1757576074,38661
2026-07-08,KyJWoY8DDDBnJMn5fY,Frustrated Video Game GIF by OneFootball Heads,gif,2025-09-11T07:34:22+0000,1757576062,516436
2026-07-08,pUnbgneAsAFpw9wmzw,Game Time Goalkeeper GIF by OneFootball Heads,gif,2025-09-11T07:34:17+0000,1757576057,292155
2026-07-08,sGr4yrFK3BHDsEhSAM,Game Time Football GIF by OneFootball Heads,gif,2025-09-11T07:34:12+0000,1757576052,503154
2026-07-08,gGTnOmNz9RWBhLAOww,Hungry Bad Day GIF by OneFootball Heads,gif,2025-09-11T07:34:08+0000,1757576048,288907
2026-07-08,C2wLIBhg6rnF2Vk5p3,Bored Fed Up GIF by OneFootball Heads,gif,2025-09-11T07:34:03+0000,1757576043,507868
2026-07-08,cwXLRZXXoL0np7eb72,Bubbles Childhood GIF by OneFootball Heads,gif,2025-09-11T07:33:58+0000,1757576038,251144
2026-07-08,ByodclSkYIdxh8KmGl,Work From Home Hello GIF by OneFootball Heads,gif,2025-09-11T07:33:51+0000,1757576031,144223
2026-07-08,hb9nhr6m3rjQeRs9jp,Tired Game Over GIF by OneFootball Heads,gif,2025-09-11T07:33:45+0000,1757576025,134863
2026-07-08,yVkY5XkSGEbmGkqKlt,Foodie Watermelon GIF by OneFootball Heads,gif,2025-09-11T07:33:40+0000,1757576020,415029
2026-07-08,4agkjC6mUqzk4Ij9jS,Shocked No Way GIF by OneFootball Heads,gif,2025-08-04T07:32:28+0000,1754292748,81874
2026-07-08,E7J4gMgNzH8P5fJIir,Excuse Me What GIF by OneFootball Heads,gif,2025-08-04T07:32:23+0000,1754292743,26702
2026-07-08,znORHj4fd8MAN7gbLr,Excuse Me What GIF by OneFootball Heads,gif,2025-08-04T07:32:18+0000,1754292738,25562
2026-07-08,fAP7QAJ1xFD6JTFM1e,Celebration Wow GIF by OneFootball Heads,gif,2025-08-04T07:32:11+0000,1754292731,74037
2026-07-08,oC6Cx1YXBtvdoYXmZr,Celebration Wow GIF by OneFootball Heads,gif,2025-08-04T07:32:06+0000,1754292726,222307
2026-07-08,P4mW1PplxZFjLv81SQ,Happy We Got This GIF by OneFootball Heads,gif,2025-08-04T07:31:58+0000,1754292718,117877
2026-07-08,6vaqqwTzS6SuR36oIW,Tidy Up GIF by OneFootball Heads,gif,2025-08-04T07:31:52+0000,1754292712,190447
2026-07-08,6YX6lFHrE3n78eBvRu,Tidy Up GIF by OneFootball Heads,gif,2025-08-04T07:31:46+0000,1754292706,816905
2026-07-08,JfqESuqy1kOf3HTr8Y,Frustration Swirling GIF by OneFootball Heads,gif,2025-08-04T07:31:39+0000,1754292699,48213
2026-07-08,2KDnf1jZTUJlrrasTZ,Fifa Swirling GIF by OneFootball Heads,gif,2025-08-04T07:31:34+0000,1754292694,102362
2026-07-08,Sfiri0PXigpGueBftO,Happy Pizza Time GIF by OneFootball Heads,gif,2025-08-04T07:31:29+0000,1754292689,15
2026-07-08,6Zo8j3dDBwQsYvhISc,Pizza Time Eating GIF by OneFootball Heads,gif,2025-08-04T07:31:24+0000,1754292684,53117
2026-07-08,9C0eEDiObWC3COXjXj,No Way What GIF by OneFootball Heads,gif,2025-08-04T07:31:18+0000,1754292678,23158
2026-07-08,BG3Zejm7Xdx6wWUf1s,Cant Believe It No Way GIF by OneFootball Heads,gif,2025-08-04T07:31:12+0000,1754292672,70363
2026-07-08,uejerzhWkT2nfV4ekh,Var Whistle GIF by OneFootball Heads,gif,2025-08-04T07:31:08+0000,1754292668,139124
2026-07-08,CLsZfPTw3az9SfokNz,Referee Var GIF by OneFootball Heads,gif,2025-08-04T07:31:02+0000,1754292662,457227
2026-07-08,98ehMD8kX9bLkq9Gcw,Angry Watch Out GIF by OneFootball Heads,gif,2025-08-04T07:30:56+0000,1754292656,127452
2026-07-08,sTKnZMlZKwYbtflXQq,Angry Watch Out GIF by OneFootball Heads,gif,2025-08-04T07:30:52+0000,1754292652,284020
2026-07-08,2XtaKuSyUmADvFNWeB,Lets Go Please GIF by OneFootball Heads,gif,2025-08-04T07:30:47+0000,1754292647,33509
2026-07-08,AJYr4bWzAFjdGH9q0o,Lets Go Please GIF by OneFootball Heads,gif,2025-08-04T07:30:41+0000,1754292641,168361
2026-07-08,ZUtSEAyBuCcewmA29F,Champions League Celebration GIF by OneFootball Heads,gif,2025-08-04T07:30:36+0000,1754292636,47158
2026-07-08,TWBEBifNIlRw3WZysb,Happy Champions League GIF by OneFootball Heads,gif,2025-08-04T07:30:29+0000,1754292629,522876
2026-07-08,sGkjKXy02jm6wjrij1,I Love You Kiss GIF by OneFootball Heads,gif,2025-08-03T14:21:20+0000,1754230880,263721
2026-07-08,m0RdfAX3ZVq56g6Ufb,I Love You Kiss GIF by OneFootball Heads,gif,2025-08-03T14:21:14+0000,1754230874,258056
2026-07-08,lHQGU1fP8dCpgZhRQ8,Sad Its Over GIF by OneFootball Heads,gif,2025-08-03T14:21:06+0000,1754230866,118234
2026-07-08,kvrucA56Ge96PitAIf,Sad Game Over GIF by OneFootball Heads,gif,2025-08-03T14:21:01+0000,1754230861,1973482
2026-07-08,N8j7uvd3K7ewojOxxY,Accuse He Did It GIF by OneFootball Heads,gif,2025-08-03T14:20:55+0000,1754230855,160311
2026-07-08,YFsvkuJTxLc0uuNrhO,Accuse He Did It GIF by OneFootball Heads,gif,2025-08-03T14:20:49+0000,1754230849,9654596
2026-07-08,B7HEiOs673jZ4sYq3q,Betting Game On GIF by OneFootball Heads,gif,2025-08-03T14:20:41+0000,0,0
2026-07-08,49lmGu0eQ7ISpToUTU,Betting All In GIF by OneFootball Heads,gif,2025-08-03T14:20:34+0000,1754230834,2
2026-07-08,QIpziLuXhTywLdbIkQ,Happy We Did It GIF by OneFootball Heads,gif,2025-08-03T14:20:25+0000,1754230825,74044
2026-07-08,TkAIyyDEx6r2Qrm007,Well Done Good Job GIF by OneFootball Heads,gif,2025-08-03T14:20:21+0000,1754230821,185262
2026-07-08,fkhqUwfGzSYOrSTJp9,Excited Lets Go GIF by OneFootball Heads,gif,2025-08-03T14:20:16+0000,1754230816,19958
2026-07-08,x6TIee2JM9pBwc4MBG,Excited Video Game GIF by OneFootball Heads,gif,2025-08-03T14:20:05+0000,1754230805,237434
2026-07-08,YoWUM76JMiAUKm9ggl,Good Vibes Thank You GIF by OneFootball Heads,gif,2025-08-03T14:19:59+0000,1754230799,56551
2026-07-08,6qI2NYWngdAxxVX1zJ,Good Vibes Thank You GIF by OneFootball Heads,gif,2025-08-03T14:19:54+0000,1754230794,52385
2026-07-08,uZ7GOHTYg3w6hAPN9v,Unity We Agree GIF by OneFootball Heads,gif,2025-08-03T14:19:49+0000,1754230789,305337
2026-07-08,5grsDwlqX4kfy71Rdj,Shake Hands Yes GIF by OneFootball Heads,gif,2025-08-03T14:19:43+0000,1754230783,176615
2026-07-08,3Vvcnjhme1hwqwMNke,Whats Going On Hello GIF by OneFootball Heads,gif,2025-07-01T18:21:14+0000,1751394074,293299
2026-07-08,ArFOjTGDqq45OKCAo4,Breathe Slow Down GIF by OneFootball Heads,gif,2025-07-01T18:21:10+0000,1751394070,91734
2026-07-08,ZlBrZ2naavOtI2qSAr,Happy Game Over GIF by OneFootball Heads,gif,2025-07-01T18:21:05+0000,1751394065,183927
2026-07-08,8WBfBgNcz3Ep1OvSUC,Happy Fan Reaction GIF by OneFootball Heads,gif,2025-07-01T18:20:59+0000,1751394059,137190
2026-07-08,AZgI9GQ4S4ul6qcA9u,Football Fan GIF by OneFootball Heads,gif,2025-07-01T18:20:54+0000,1751394054,1281147
2026-07-08,gSJLxCRJSAtTesQIH2,Game Over Football GIF by OneFootball Heads,gif,2025-07-01T18:20:49+0000,1751394049,347891
2026-07-08,3v4WsAL4dC4aMtTKdU,Soccer Wow GIF by OneFootball Heads,gif,2025-07-01T18:20:41+0000,1751394041,172444
2026-07-08,al9NLseK6dPr8Q0mZz,Bored Tv Sports GIF by OneFootball Heads,gif,2025-07-01T18:20:33+0000,1751394033,182686
2026-07-08,xNJVAiSsa1wtC14act,Angry Soccer GIF by OneFootball Heads,gif,2025-07-01T18:20:28+0000,1751394028,578660
2026-07-08,1Brq4LvOtRMIBJQi4U,Bored Game Time GIF by OneFootball Heads,gif,2025-07-01T18:20:22+0000,1751394022,108216
2026-07-08,Vtg7zkTTczN2bvodCG,Stay Hydrated Drink Water GIF by OneFootball Heads,gif,2025-07-01T18:20:17+0000,1751394017,229808
2026-07-08,z1dXRwDsqrjs5KDOML,Bored Old Man GIF by OneFootball Heads,gif,2025-07-01T18:20:11+0000,1751394011,6890771
2026-07-08,l8eIHDVeTwEm5VOjb1,Tv Time Yawn GIF by OneFootball Heads,gif,2025-07-01T18:20:06+0000,1751394006,2509605
2026-07-08,R60s9NrOwv5eTrRPzV,Game Day Chips GIF by OneFootball Heads,gif,2025-07-01T18:20:01+0000,1751394001,216489
2026-07-08,pQxOnCwLvTBG4uf3KD,Angry Over It GIF by OneFootball Heads,gif,2025-07-01T18:19:55+0000,1751393995,902329
2026-07-08,woNoaZZ9V12dyjYjJo,Game Over Football GIF by OneFootball Heads,gif,2025-07-01T18:19:48+0000,1751393988,292066
2026-07-08,X2tAL568gaKEgB9Anv,Football Popping In GIF by OneFootball Heads,gif,2025-07-01T18:19:43+0000,1751393983,114624
2026-07-08,VaHgVrzYDaGrz7JRiX,Sorry Leave Me Alone GIF by OneFootball Heads,gif,2025-07-01T18:19:38+0000,1751393978,267012
2026-07-08,tiqNAs5cs6O0h36elo,Game On Football GIF by OneFootball Heads,gif,2025-07-01T18:19:32+0000,1751393972,220860
2026-07-08,VErfqZkulaxhehX9uN,Lets Go Football GIF by OneFootball Heads,gif,2025-07-01T18:19:26+0000,1751393966,21437
2026-07-08,pPqefCee0DWoNtfPaN,Final Match Kiss GIF by OneFootball Heads,gif,2025-07-01T18:19:20+0000,1751393960,119015
2026-07-08,3oDwGbxOLEg8bEEJIQ,Football Omg GIF by OneFootball Heads,gif,2025-07-01T18:19:15+0000,1751393955,183748
2026-07-08,vXbH7KQWGqNe9heXju,Excited Soccer GIF by OneFootball Heads,gif,2025-07-01T18:19:09+0000,1751393949,56993
2026-07-08,P6CpYQD8EQVdHmbBB7,Game Night Football GIF by OneFootball Heads,gif,2025-07-01T18:18:49+0000,1751393929,105336
2026-07-08,z7kuboVsFhWrC6gJDp,Cool Off Break Time GIF by OneFootball Heads,gif,2025-07-01T18:18:42+0000,1751393922,861064
2026-07-08,FCtjJQzZME69CW6ttp,Football Soccer GIF by OneFootball Heads,gif,2025-07-01T18:18:37+0000,1751393917,265933
2026-07-08,VtZku1FNcJfdfJLPya,Lets Go Football GIF by OneFootball Heads,gif,2025-07-01T18:18:32+0000,1751393912,278215
2026-07-08,w4nv4DunM9a4tOEi3Y,Excited Game Time GIF by OneFootball Heads,gif,2025-07-01T18:18:27+0000,1751393907,124080
2026-07-08,a3sOeDI1ZuE2UEGEjr,Happy Football GIF by OneFootball Heads,gif,2025-07-01T18:18:18+0000,1751393898,47724
2026-07-08,KPVPfTOGhR4ZDXsBWA,Angry Football Fan GIF by OneFootball Heads,gif,2025-07-01T18:18:10+0000,1751393890,56234
2026-07-08,hwIq8i6Qi7UnUGbacf,Angry Game Time GIF by OneFootball Heads,gif,2025-07-01T18:18:01+0000,1751393881,21046
2026-07-08,NnvB50iO7TqUyBzFvl,Big Brain Funny Gif GIF by OneFootball Heads,gif,2025-06-26T12:13:26+0000,1750940006,1419155
2026-07-08,VeQ7R5eLzOiZwny95R,Preach For Real GIF by OneFootball Heads,gif,2025-06-26T12:13:18+0000,1750939998,11754088
2026-07-08,4XEUw17xG7OGK9nuJw,Happy Lets Go GIF by OneFootball Heads,gif,2025-06-26T12:13:13+0000,1750939993,2491498
2026-07-08,I70wiKkwEVZWC2HFAO,Happy Birthday GIF by OneFootball Heads,gif,2025-06-20T19:06:07+0000,1750446367,521599
2026-07-08,fOGrNl1SGyw9ZF5Qeh,Truth Agree GIF by OneFootball Heads,gif,2025-06-20T13:20:39+0000,1750425639,188073
2026-07-08,jzppiGwPog15PVElfH,Good Vibes Chill GIF by OneFootball Heads,gif,2025-06-20T13:20:30+0000,1750425630,88826
2026-07-08,oxj2Z1k2cHtR0oZkqj,Coffee Time Reaction Gif GIF by OneFootball Heads,gif,2025-06-20T13:20:24+0000,1750425624,199662
2026-07-08,TiuUji4KiJvFuzPFYg,Hungry Noodles GIF by OneFootball Heads,gif,2025-06-20T13:20:13+0000,1750425613,519174
2026-07-08,6A9hefwTjvCDMURljb,Game Show Reaction Gif GIF by OneFootball Heads,gif,2025-06-20T13:19:53+0000,1750425593,5370471
2026-07-08,toIRQFAFFCtAWwJveB,Whats Up Hello GIF by OneFootball Heads,gif,2025-06-18T09:53:48+0000,1750240428,304892
2026-07-08,dCqQrUmPgICwfSYzgi,Well Done Yes GIF by OneFootball Heads,gif,2025-06-18T09:53:22+0000,1750240402,45818
2026-07-08,hBt0VjWkZbFRBrBACu,Refreshing Water Bottle GIF by OneFootball Heads,gif,2025-06-18T09:52:56+0000,1750240376,3372494
2026-07-08,9HORd4teDGhOt46fEz,Youre Cute Love You GIF by OneFootball Heads,gif,2025-06-18T09:52:38+0000,1750240358,116384
2026-07-08,tgLpK2WbZhGe0D6UbT,Slow Motion Boom GIF by OneFootball Heads,gif,2025-06-18T09:52:08+0000,1750240328,382721
2026-07-08,y2QSRInUPq9f5evJVB,Stay Calm Market Crash GIF by OneFootball Heads,gif,2025-06-18T09:51:23+0000,1750240283,242054
2026-07-08,N2GUDdRZbdCdUzYkuw,Celebrate Lets Go GIF by OneFootball Heads,gif,2025-06-18T09:50:51+0000,1750240251,350175
2026-07-08,FzxAj0hfgyAdsW40AC,Lets Go Success GIF by OneFootball Heads,gif,2025-06-18T09:50:27+0000,1750240227,36166
2026-07-08,WT9XlpCYQY7PtmCLT4,OneFootball Heads GIF,gif,2025-06-16T07:55:46+0000,1750060546,673198
2026-07-08,FS1BfSHSEcBM7oXgnd,OneFootball Heads GIF,gif,2025-06-13T19:24:38+0000,1749842678,103259
2026-07-08,vaKM2dq2diEh9vUBQP,OneFootball Heads GIF,gif,2025-06-13T19:24:32+0000,1749842672,185383
2026-07-08,gUn5uaz4fhAKi45l4u,OneFootball Heads GIF,gif,2025-06-13T19:24:26+0000,1749842666,246964
2026-07-08,RcKxMa4JVupSJSMnhX,OneFootball Heads GIF,gif,2025-06-13T19:24:21+0000,1749842661,261158
