snapshot_date,rank,gif_id,content_type,views
2026-07-08,1,S0GO7wvqciKU6znbFW,GIF,25269090
2026-07-08,2,VeQ7R5eLzOiZwny95R,GIF,11799564
2026-07-08,3,YFsvkuJTxLc0uuNrhO,GIF,9678460
2026-07-08,4,Zil84rm4wvlWsJqo9C,GIF,9523034
2026-07-08,5,1MTfxcyrTyUFK9Zp3S,GIF,9113534
2026-07-08,6,z1dXRwDsqrjs5KDOML,GIF,6927470
2026-07-08,7,s6eCu3KXqkq8sKt2pD,GIF,5700772
2026-07-08,8,6A9hefwTjvCDMURljb,GIF,5377235
2026-07-08,9,vFAra3l66GR59S9K40,GIF,4667659
2026-07-08,10,n20QOGJq9Smmy5c5Yx,GIF,3830407
2026-07-08,11,7UCWuilJRYlAu15j7U,GIF,3649628
2026-07-08,12,Tp7JErC4Ak5ZrF8ciK,GIF,3610631
2026-07-08,13,HXbjrTClytGyPjam3M,GIF,3379151
2026-07-08,14,hBt0VjWkZbFRBrBACu,GIF,3372494
2026-07-08,15,zFJd9Sp0856KS6dVtv,GIF,3110746
2026-07-08,16,VZ9JDjblGrqOCxqVFT,GIF,3036555
2026-07-08,17,01KHA2KdMQLQi136pi,GIF,2896011
2026-07-08,18,l8eIHDVeTwEm5VOjb1,GIF,2516870
2026-07-08,19,4XEUw17xG7OGK9nuJw,GIF,2491498
2026-07-08,20,ba5JMnrKk4o9z7yiP0,GIF,2298593
2026-07-08,21,kvrucA56Ge96PitAIf,GIF,2003262
2026-07-08,22,4yd3gQjXGb9aFks0bS,GIF,1989303
2026-07-08,23,3lTznm8qcjuD0dOyof,GIF,1908869
2026-07-08,24,gfv9pQSjyN83iR0zM0,GIF,1798017
2026-07-08,25,H1SV8pkPwh24wqRfyd,GIF,1603880
2026-07-08,26,Atd0AOMP5wrkqhYQpM,GIF,1468037
2026-07-08,27,FjOH5YsFZv0M1wuIBb,GIF,1422253
2026-07-08,28,NnvB50iO7TqUyBzFvl,GIF,1421632
2026-07-08,29,ykoTW1SqAFoUKMXfwl,GIF,1349575
2026-07-08,30,CQF6AFxLK2g5y2B2NN,GIF,1335248
2026-07-08,31,MmwWuKZzjxYw05RF8z,GIF,1315151
2026-07-08,32,AZgI9GQ4S4ul6qcA9u,GIF,1281147
2026-07-08,33,Wmu62LX7EfEYjeZFom,GIF,1265443
2026-07-08,34,zbFMPSL8EgDfqeBgWZ,GIF,1231511
2026-07-08,35,bbQA9p31wBCfGP7Lqq,GIF,1193293
2026-07-08,36,IvJvPYEXDOoV3ju64N,GIF,1179014
2026-07-08,37,BuT7JDz3OLtImz82QE,GIF,1111770
2026-07-08,38,N20tM6nrrXQMl4HYWz,GIF,1092859
2026-07-08,39,ZfzDxoltZ5FyWrmTJl,GIF,1080750
2026-07-08,40,zbcPsquuTZdA0tMKBx,GIF,1048609
2026-07-08,41,XCdhyRfbj2GvgufO0u,GIF,956132
2026-07-08,42,mwnu1QWfjuMZbKdgcp,GIF,952858
2026-07-08,43,XYGeNuYFTJxYanc1ij,GIF,925626
2026-07-08,44,pQxOnCwLvTBG4uf3KD,GIF,902329
2026-07-08,45,4yGaQKJE08kHXPuyMn,GIF,890379
2026-07-08,46,4zCNON1K71s6JXOFd5,GIF,871973
2026-07-08,47,z7kuboVsFhWrC6gJDp,GIF,861064
2026-07-08,48,pTNVcut8Um4qfqAn0v,GIF,836140
2026-07-08,49,qhb6MgP55rZQIiJPFf,GIF,820485
2026-07-08,50,6YX6lFHrE3n78eBvRu,GIF,816905
2026-07-08,51,g2KaTr5PnaMjjBUagH,GIF,771901
2026-07-08,52,9dJzU7bFwJBIWjvWO0,GIF,741466
2026-07-08,53,zuMnz0s1el2MO30gjg,GIF,730528
2026-07-08,54,WT9XlpCYQY7PtmCLT4,GIF,673198
2026-07-08,55,6o7c1nxSuBTp6XIMzm,GIF,666345
2026-07-08,56,n4eta4zIkCRr6xbK2f,GIF,662875
2026-07-08,57,5IYv7MHczMNdqnxWa1,GIF,641867
2026-07-08,58,oowpSQYkmY8zkkApHu,GIF,635383
2026-07-08,59,w0t4WTCyVJfbNIAwdR,GIF,631454
2026-07-08,60,cj0jRYyipLPlzwLs0i,GIF,604900
2026-07-08,61,ZUwEmP2EchPgZetmps,GIF,587610
2026-07-08,62,xNJVAiSsa1wtC14act,GIF,578660
2026-07-08,63,ZtAisAoRQRuf0wlOqe,GIF,576804
2026-07-08,64,3CjwLHLooBGmDorkzF,GIF,552623
2026-07-08,65,QBgFxeacBb59LMX5su,GIF,552552
2026-07-08,66,Brkoiafxyzb94gXrMa,GIF,549593
2026-07-08,67,PMny68XCKFiABxd1SZ,GIF,527825
2026-07-08,68,TWBEBifNIlRw3WZysb,GIF,526265
2026-07-08,69,I70wiKkwEVZWC2HFAO,GIF,521599
2026-07-08,70,TiuUji4KiJvFuzPFYg,GIF,519174
2026-07-08,71,KyJWoY8DDDBnJMn5fY,GIF,516436
2026-07-08,72,VFmjfFzMv0JETVuokv,GIF,515102
2026-07-08,73,C2wLIBhg6rnF2Vk5p3,GIF,507868
2026-07-08,74,p5EoYWZd7rXnSrk3A4,GIF,505749
2026-07-08,75,sGr4yrFK3BHDsEhSAM,GIF,503154
2026-07-08,76,qpJtW9XMVylfz7N32c,GIF,498941
2026-07-08,77,WoJ1KruDxKQ1TdT7LG,GIF,491387
2026-07-08,78,2Tmk43f9xbaX1HX5XW,GIF,491014
2026-07-08,79,XbEj9EvaOwUas4Zfkd,GIF,487730
2026-07-08,80,eEEVPZVPzXY9ceK13z,GIF,486201
2026-07-08,81,67KY9IKgii3mZDcGQS,GIF,478264
2026-07-08,82,VSmo1UmSEnNBOkzzKN,GIF,475862
2026-07-08,83,BxCTf1cNDlhFUdurmO,GIF,464938
2026-07-08,84,CLsZfPTw3az9SfokNz,GIF,457227
2026-07-08,85,W4ZiN0w5JKJF4oK36b,GIF,416210
2026-07-08,86,yVkY5XkSGEbmGkqKlt,GIF,415029
2026-07-08,87,GAczcLkdTCTPS01kQy,GIF,410419
2026-07-08,88,ZqZUWuxULL0IZ3XdCW,GIF,409059
2026-07-08,89,8tQLdg1TjgKBuuPbco,GIF,408380
2026-07-08,90,uXV0BqmxAJt7VKNgZh,GIF,408020
2026-07-08,91,VUJFF1jbhxVFyUtLTJ,GIF,403815
2026-07-08,92,V7KYS0VPWVdhPFUj9Z,GIF,403342
2026-07-08,93,hhL4cErWygGzv0PMwl,GIF,388964
2026-07-08,94,HU5ZX6NCZHrKdAkGtf,GIF,388743
2026-07-08,95,tgLpK2WbZhGe0D6UbT,GIF,382721
2026-07-08,96,kFnvhvvnxA6KwTnIzA,GIF,381783
2026-07-08,97,cPeIETb5b6zKnkngts,GIF,379784
2026-07-08,98,9HtqtBJIrXjEyDlqtp,GIF,352892
2026-07-08,99,bKDPhQuR4aMtOTfzSz,GIF,350945
2026-07-08,100,N2GUDdRZbdCdUzYkuw,GIF,350175
2026-07-08,101,gSJLxCRJSAtTesQIH2,GIF,347891
2026-07-08,102,clODkNL8QqeiiLV871,GIF,344859
2026-07-08,103,i09kDxdM8snHxPKl1i,GIF,317012
2026-07-08,104,Oa4QJT3Fb0zQ037mov,GIF,316482
2026-07-08,105,9sKA3ibq7zX02Os7y4,GIF,312964
2026-07-08,106,Px3XFOmPDLjRvP9YeG,GIF,305593
2026-07-08,107,uZ7GOHTYg3w6hAPN9v,GIF,305337
2026-07-08,108,toIRQFAFFCtAWwJveB,GIF,304892
2026-07-08,109,pUnbgneAsAFpw9wmzw,GIF,303210
2026-07-08,110,wDcx1Rm1hXxGKefyTR,GIF,302769
2026-07-08,111,bktvFDtSnncI1w598s,GIF,294697
2026-07-08,112,3Vvcnjhme1hwqwMNke,GIF,293870
2026-07-08,113,woNoaZZ9V12dyjYjJo,GIF,293089
2026-07-08,114,soFxWwpvpFThVlZGd4,GIF,290873
2026-07-08,115,gGTnOmNz9RWBhLAOww,GIF,289855
2026-07-08,116,l23aOmdgpH4PVpPOOF,GIF,285476
2026-07-08,117,sTKnZMlZKwYbtflXQq,GIF,284020
2026-07-08,118,VtZku1FNcJfdfJLPya,GIF,278215
2026-07-08,119,H5b7aOpD0MCxbT3jFO,GIF,272424
2026-07-08,120,VaHgVrzYDaGrz7JRiX,GIF,267012
2026-07-08,121,sGkjKXy02jm6wjrij1,GIF,265974
2026-07-08,122,FCtjJQzZME69CW6ttp,GIF,265933
2026-07-08,123,RcKxMa4JVupSJSMnhX,GIF,261876
2026-07-08,124,m0RdfAX3ZVq56g6Ufb,GIF,258056
2026-07-08,125,QJ4gYE5K7A8FPhPHuX,GIF,251977
2026-07-08,126,cwXLRZXXoL0np7eb72,GIF,251793
2026-07-08,127,prWnSRzSzVrBZLv41A,GIF,247525
2026-07-08,128,gUn5uaz4fhAKi45l4u,GIF,246964
2026-07-08,129,iUmxhJqvJmf1ytmdok,GIF,246098
2026-07-08,130,rcKw9ZKuo0lLFzIuuZ,GIF,242448
2026-07-08,131,y2QSRInUPq9f5evJVB,GIF,242054
2026-07-08,132,49UXvksd1mD6ivtzSS,GIF,237663
2026-07-08,133,x6TIee2JM9pBwc4MBG,GIF,237434
2026-07-08,134,K4y1b339hvcqk45WJ9,GIF,233574
2026-07-08,135,Vtg7zkTTczN2bvodCG,GIF,232938
2026-07-08,136,0QcUioJ7k6T2xRT6dI,GIF,228725
2026-07-08,137,zAo4CHpNAaNDg27lmG,GIF,224019
2026-07-08,138,oC6Cx1YXBtvdoYXmZr,GIF,222540
2026-07-08,139,ydtlZT2ZGwRKUS7k90,GIF,222506
2026-07-08,140,tiqNAs5cs6O0h36elo,GIF,220860
2026-07-08,141,R60s9NrOwv5eTrRPzV,GIF,217544
2026-07-08,142,54Lr6tnL43zux7QcZh,GIF,214276
2026-07-08,143,6SPE2NmJboU2RJtzU7,GIF,213991
2026-07-08,144,GMibniHgHabH5FsvSf,GIF,212764
2026-07-08,145,kg26UxATxZow3AsKZZ,GIF,208584
2026-07-08,146,cYELoocQoVRmY2GRJq,GIF,207407
2026-07-08,147,WmTuF4gz4C3ZfoHQGw,GIF,201206
2026-07-08,148,oxj2Z1k2cHtR0oZkqj,GIF,199662
2026-07-08,149,GJEvTVbP5UFX1rqFKc,GIF,199039
2026-07-08,150,6UDc6ioncYRxWDnp0G,GIF,195977
2026-07-08,151,6vaqqwTzS6SuR36oIW,GIF,190447
2026-07-08,152,fOGrNl1SGyw9ZF5Qeh,GIF,188073
2026-07-08,153,vaKM2dq2diEh9vUBQP,GIF,185982
2026-07-08,154,TkAIyyDEx6r2Qrm007,GIF,185262
2026-07-08,155,3oDwGbxOLEg8bEEJIQ,GIF,184046
2026-07-08,156,ZlBrZ2naavOtI2qSAr,GIF,183927
2026-07-08,157,al9NLseK6dPr8Q0mZz,GIF,182686
2026-07-08,158,czdCrCBERAQKBOfOLo,GIF,182430
2026-07-08,159,V5xSpg6PoKMeC6mvhG,GIF,182160
2026-07-08,160,r1CQkqGt4aI7wr1Ohw,GIF,179044
2026-07-08,161,9bIcqjJn0WBjTCqQOT,GIF,179014
2026-07-08,162,YfVEEx3kXDGBe8YKi8,GIF,178949
2026-07-08,163,IJSJIxvbADdqn7J4Y3,GIF,178697
2026-07-08,164,MODuEqgpv6IROKtJrO,GIF,178464
2026-07-08,165,5grsDwlqX4kfy71Rdj,GIF,176615
2026-07-08,166,HoEkTdvUpnS9WvVPcF,GIF,175599
2026-07-08,167,N4HpPRFRixdNxu1Fg8,GIF,174799
2026-07-08,168,3v4WsAL4dC4aMtTKdU,GIF,172444
2026-07-08,169,6C7KiVEfI724uCVi7b,GIF,170763
2026-07-08,170,AJYr4bWzAFjdGH9q0o,GIF,169275
2026-07-08,171,5NxsFyN2WM2HjI1BpK,GIF,166886
2026-07-08,172,X8U2NmVTuTntFxGesd,GIF,165104
2026-07-08,173,7HumoY5K6oo1enpFWe,GIF,163888
2026-07-08,174,Lg6tJBqeg7Z8iHTvJK,GIF,160880
2026-07-08,175,N8j7uvd3K7ewojOxxY,GIF,160311
2026-07-08,176,LUgxmNMnZ1OaYHqZGW,GIF,157567
2026-07-08,177,QGy9WgPA5wdXUx7yKE,GIF,156973
2026-07-08,178,zKf31joKvY23SQdSTF,GIF,156891
2026-07-08,179,QoVAe2QifgvhK2rnTG,GIF,155282
2026-07-08,180,dgXu5U7aMzbfILnDcj,GIF,151901
2026-07-08,181,ej3ZCWbOwLxwRNC2Kg,GIF,149773
2026-07-08,182,EMrPMmyufe1a1Tz1A5,GIF,148774
2026-07-08,183,b40vcDOn7iizajr2oM,GIF,146333
2026-07-08,184,ByodclSkYIdxh8KmGl,GIF,144223
2026-07-08,185,0jVa8eudaK9tG5KOUh,GIF,143736
2026-07-08,186,no6Mm0U0L9Mv9tzvN9,GIF,140424
2026-07-08,187,Zfddxu8Y4dgWz6ABMI,GIF,140422
2026-07-08,188,xd0DzHA90wF0QspRKE,GIF,139767
2026-07-08,189,uejerzhWkT2nfV4ekh,GIF,139124
2026-07-08,190,lMtSWlhMBsTkmUot5s,GIF,139099
2026-07-08,191,sKf6fbM0Fhn4keHMYX,GIF,137579
2026-07-08,192,8WBfBgNcz3Ep1OvSUC,GIF,137190
2026-07-08,193,hb9nhr6m3rjQeRs9jp,GIF,134863
2026-07-08,194,Xl33ygtw7ZElNbVTch,GIF,131378
2026-07-08,195,WhOTaSjCzQyMAMBn5v,GIF,130456
2026-07-08,196,6guW2txh6RAr0RCnTP,GIF,128587
2026-07-08,197,98ehMD8kX9bLkq9Gcw,GIF,127452
2026-07-08,198,CPApJWHvsT3o5VuKVK,GIF,124339
2026-07-08,199,w4nv4DunM9a4tOEi3Y,GIF,124207
2026-07-08,200,wMeQ3go50ahhciuZwK,GIF,121485
2026-07-08,201,JGbVQO4No1vjY8SRwp,GIF,119852
2026-07-08,202,pPqefCee0DWoNtfPaN,GIF,119015
2026-07-08,203,lHQGU1fP8dCpgZhRQ8,GIF,118234
2026-07-08,204,P4mW1PplxZFjLv81SQ,GIF,118101
2026-07-08,205,6jMy4ML3746kQCwDNl,GIF,117643
2026-07-08,206,DWuxEYZBw978LKWG1b,GIF,117331
2026-07-08,207,9HORd4teDGhOt46fEz,GIF,116655
2026-07-08,208,wvmHbFg1ExLSSKMaOD,GIF,115115
2026-07-08,209,5ssoenGB420wQegvln,GIF,114669
2026-07-08,210,X2tAL568gaKEgB9Anv,GIF,114624
2026-07-08,211,jxA1BBEg6NzTQL7pvd,GIF,113144
2026-07-08,212,nNlKQlqY4lK6qAxiQV,GIF,111852
2026-07-08,213,R3h2NcJNbFNBpS4g6q,GIF,111724
2026-07-08,214,QytjwhKBE2ObyydwQb,GIF,110702
2026-07-08,215,xoGxhyhEQOp0jXphxx,GIF,110584
2026-07-08,216,aZhAXcAN33Makb02CK,GIF,109657
2026-07-08,217,SAyhOhXMo16hk1ceaB,GIF,109619
2026-07-08,218,1Brq4LvOtRMIBJQi4U,GIF,108216
2026-07-08,219,qeTcrWW3wozMaIX6Af,GIF,108151
2026-07-08,220,nqEtJ6z9u3zHbdmFq9,GIF,105699
2026-07-08,221,P6CpYQD8EQVdHmbBB7,GIF,105336
2026-07-08,222,TnYyD0Y5gHcxxIs60O,GIF,103737
2026-07-08,223,FS1BfSHSEcBM7oXgnd,GIF,103259
2026-07-08,224,2KDnf1jZTUJlrrasTZ,GIF,102362
2026-07-08,225,xal2XkbIQo668lc27M,GIF,99541
2026-07-08,226,An7uqeayxR5J8dKHu4,GIF,98305
2026-07-08,227,3Ej0FdtgfzHznxfoaW,GIF,98098
2026-07-08,228,ncRqGV6vGvUMh7oR7x,GIF,97510
2026-07-08,229,Xy1embN5dYLxDL7J1h,GIF,96968
2026-07-08,230,0f7MezZNdfdf09G5MR,GIF,95694
2026-07-08,231,maNlF3eSXasPrO4QdO,GIF,94824
2026-07-08,232,01gaL9yoKUBxA6lLSx,GIF,94678
2026-07-08,233,ew2RAEkOVb0O643Wtj,GIF,93432
2026-07-08,234,PictPG2QUCZqYQ7QJm,GIF,92298
2026-07-08,235,ArFOjTGDqq45OKCAo4,GIF,92074
2026-07-08,236,BjiE1R8mHXxYRRhY0m,GIF,90610
2026-07-08,237,eGITs6JOnYa9vtjIwc,GIF,90385
2026-07-08,238,pGYHslrw9ZTEMk9Sn2,GIF,89521
2026-07-08,239,jzppiGwPog15PVElfH,GIF,88826
2026-07-08,240,vtBtvkJFk09naDtqBk,GIF,88666
2026-07-08,241,3DDxEpa9LhhPXbXpoY,GIF,87779
2026-07-08,242,PAHScnX9IEczmvTWFx,GIF,86754
2026-07-08,243,pPGGvsQjn9xJb55F8i,GIF,86179
2026-07-08,244,gmEnnJ3Cj1fBPirnyp,GIF,85946
2026-07-08,245,8rDd90ItBDko5IMjqu,GIF,85692
2026-07-08,246,MgeNDcgT4gXYn338jR,GIF,84200
2026-07-08,247,unRjgoWoUAFhPVQLY9,GIF,83862
2026-07-08,248,tA9rysiKx5ifhNfO2T,GIF,83717
2026-07-08,249,v5PJmNVxWOTTThmnQg,GIF,83672
2026-07-08,250,KcWVxQd0HvsbqguiXS,GIF,82862
2026-07-08,251,4agkjC6mUqzk4Ij9jS,GIF,81874
2026-07-08,252,Z43RfKcmhr06OQ5ae2,GIF,81791
2026-07-08,253,4zJ0Gf0UHqoyJTiJij,GIF,81296
2026-07-08,254,zdfDUrgmjZWA1HNsfu,GIF,79738
2026-07-08,255,5DIPupkmxQqmITQtN1,GIF,79555
2026-07-08,256,XjiCTell4KeSfAqaQZ,GIF,79261
2026-07-08,257,bff86XIkSNuway0pUU,GIF,79155
2026-07-08,258,IXMc63EIZGgNlNQNZD,GIF,78559
2026-07-08,259,tMZ7ky54PGeypqgalT,GIF,77289
2026-07-08,260,NFlNPPsEU6FSGuOk3e,GIF,76905
2026-07-08,261,2fR6fBgW6BZU1CPIqG,GIF,76606
2026-07-08,262,VWeSrHKWQs9WHgEkvh,GIF,76387
2026-07-08,263,gWRf9HI5C42rN1HirJ,GIF,76064
2026-07-08,264,shE8kiyTqgMBGFmkLs,GIF,75521
2026-07-08,265,QMj3VgVVShzZkjSxTd,GIF,75113
2026-07-08,266,a8ZxCyyxdwfSsqTwsL,GIF,74879
2026-07-08,267,mYNEpIFkBXXyA3E2SJ,GIF,74523
2026-07-08,268,QIpziLuXhTywLdbIkQ,GIF,74044
2026-07-08,269,fAP7QAJ1xFD6JTFM1e,GIF,74037
2026-07-08,270,SglBDgyXDRttbNrLM2,GIF,73352
2026-07-08,271,ptWaTNOtCbJyFoPOsI,GIF,72564
2026-07-08,272,9h1jNCrbYXENVlj1FP,GIF,72074
2026-07-08,273,QyRWxP3YleogvGmo01,GIF,71051
2026-07-08,274,BG3Zejm7Xdx6wWUf1s,GIF,70363
2026-07-08,275,ymR0THwsC0ryufBoCC,GIF,69226
2026-07-08,276,m6Ldp765JS1TOc1epw,GIF,69111
2026-07-08,277,jRRG7jt2Js6MacrDGd,GIF,66322
2026-07-08,278,1XZi1EWSQLY3rMU5hb,GIF,66124
2026-07-08,279,GGxYV9J86hAuLOftmX,GIF,66084
2026-07-08,280,LOVAgqCndxbF0yVSvH,GIF,65141
2026-07-08,281,fJ9p947OpjYoUJv4pq,GIF,64891
2026-07-08,282,1L3Mvo7LQ6VfgJJT6I,GIF,64877
2026-07-08,283,kkOOWhftIUKH1gRFI3,GIF,64850
2026-07-08,284,BAvIhFpn2zXzDlaAKV,GIF,63331
2026-07-08,285,x7ukpMi4J3VotdbBxy,GIF,62334
2026-07-08,286,R4K3oSgQ7goRV5dQW2,GIF,61462
2026-07-08,287,VTG38I0RqkksEgqTdJ,GIF,61390
2026-07-08,288,Gs7S4vm03HWudtCUxT,GIF,60303
2026-07-08,289,mLYuk0RvMxWAISGnCA,GIF,60243
2026-07-08,290,TL448BG9MrQXfVRka2,GIF,59506
2026-07-08,291,hUgUnBmpjUXA8w2eBC,GIF,59324
2026-07-08,292,Smkq4gh20rTCo9XA5K,GIF,58294
2026-07-08,293,MU4wAQ5AZqlBJTyGFw,GIF,58148
2026-07-08,294,bfb6MDov8wj5qopEZC,GIF,57862
2026-07-08,295,8Ju2XpAU8kax6RU9pd,GIF,57637
2026-07-08,296,WxxWLGWv6UUZdsT2lS,GIF,57397
2026-07-08,297,vXbH7KQWGqNe9heXju,GIF,56993
2026-07-08,298,YoWUM76JMiAUKm9ggl,GIF,56798
2026-07-08,299,KPVPfTOGhR4ZDXsBWA,GIF,56234
2026-07-08,300,XIxeCLHT9zVohiL4T9,GIF,55092
2026-07-08,301,592ZMrdelj8j8DlQ2w,GIF,54403
2026-07-08,302,TFVI6cSKjVwPaqZVKR,GIF,54385
2026-07-08,303,cfLHHFi62dBMYsloN7,GIF,54308
2026-07-08,304,XQGaZGKKKFL5DGdt4Y,GIF,54249
2026-07-08,305,tG40NFJ94fjjn3vRXR,GIF,54163
2026-07-08,306,aow0lDW9gAStommdsS,GIF,53205
2026-07-08,307,6Zo8j3dDBwQsYvhISc,GIF,53117
2026-07-08,308,6qI2NYWngdAxxVX1zJ,GIF,52908
2026-07-08,309,PlShyiN5tlquexvBB2,GIF,52867
2026-07-08,310,mruAYNxpRfWT7zWOVa,GIF,52094
2026-07-08,311,PJDjRlqkTOWG8CAWNa,GIF,52056
2026-07-08,312,XCB5P8yCHz9CiAl41q,GIF,51849
2026-07-08,313,yK7UnYilNJehrLYsIm,GIF,51615
2026-07-08,314,EbEX6H0ZYbCTI9nI25,GIF,50296
2026-07-08,315,nRd5z0hIeY7xQz1yai,GIF,50041
2026-07-08,316,GT9cgAAAtfM5JgcZpQ,GIF,49590
2026-07-08,317,XzFg2ZpcLiS4s3N1KC,GIF,49540
2026-07-08,318,7t1kN8b7GyZljUC36u,GIF,49129
2026-07-08,319,NU5arjj8ut7RpNelJ9,GIF,48705
2026-07-08,320,StRtbzWfsgs33wpW3M,GIF,48407
2026-07-08,321,JfqESuqy1kOf3HTr8Y,GIF,48389
2026-07-08,322,XCGc4SGOCWsIxXCteW,GIF,48360
2026-07-08,323,LIqRddsJ488WR7JkgG,GIF,48219
2026-07-08,324,NZNjSEXDfUQbmupjJW,GIF,48148
2026-07-08,325,a3sOeDI1ZuE2UEGEjr,GIF,47724
2026-07-08,326,ZUtSEAyBuCcewmA29F,GIF,47158
2026-07-08,327,ZEleEa4pY0l7ufKnSY,GIF,46766
2026-07-08,328,N6xT6C3SVJJSwH8Mgl,GIF,46570
2026-07-08,329,dCqQrUmPgICwfSYzgi,GIF,45818
2026-07-08,330,QU3jtBvOsGT110czty,GIF,45464
2026-07-08,331,O2iEG5r6EhWWPVCIMl,GIF,45383
2026-07-08,332,YIVMHeeUzrNYt7qSqJ,GIF,45223
2026-07-08,333,lGjWSowFgfSI3Q7CuM,GIF,45097
2026-07-08,334,RKSWD89SckpaCkF7lB,GIF,43992
2026-07-08,335,0rAnJ9bILAp2bIGcpT,GIF,43921
2026-07-08,336,MZExsocb7ggfMPqiBk,GIF,43901
2026-07-08,337,MrHh6mgOcdoAAO4tz0,GIF,43827
2026-07-08,338,YRgKKGuDWNqdVKUsJK,GIF,43667
2026-07-08,339,w59SdHiwZO84yaEl4U,GIF,43622
2026-07-08,340,WxKKJGKsUUWPJgkf4N,GIF,43164
2026-07-08,341,5Cniu3sjAb3IHZD5Bh,GIF,42621
2026-07-08,342,JcOB2VB2OeXB5ExpHH,GIF,42411
2026-07-08,343,vnuMwvlswGMW38poq2,GIF,42095
2026-07-08,344,aW3mqoINZ433Rj4TMz,GIF,41705
2026-07-08,345,tZ7DeEmaE9nn2rqcF3,GIF,40771
2026-07-08,346,JhkFcH98uvMrnDgmn6,GIF,40689
2026-07-08,347,5bLSkn2OEV2LU4IPHI,GIF,40301
2026-07-08,348,VaSaGr35NjXb2lexto,GIF,40196
2026-07-08,349,XR7PHHrmVHtqEK1gol,GIF,39942
2026-07-08,350,Jzp6EmR66Abn9ExWls,GIF,39838
2026-07-08,351,z2RmddzZET8w5zZtyb,GIF,39067
2026-07-08,352,mp178ZHLC4sHfOgO12,GIF,38661
2026-07-08,353,IvciiQcSOnH7gFlwnK,GIF,38564
2026-07-08,354,HBz4ZFEBOWzRdBO70e,GIF,38365
2026-07-08,355,7rJDG9tWHp7KA9rDDq,GIF,37656
2026-07-08,356,ZeK2ek6RtyEL73iY0B,GIF,37411
2026-07-08,357,9IwfTwulCPEiDADHzx,GIF,36731
2026-07-08,358,RJZFIKDrvM9UVstlHg,GIF,36339
2026-07-08,359,FzxAj0hfgyAdsW40AC,GIF,36166
2026-07-08,360,DArpiMDTC0np9ytWe8,GIF,35823
2026-07-08,361,J3HhbqcC2mKM6eetbu,GIF,35741
2026-07-08,362,CaEoDtcNHxY0y3Ll4k,GIF,35692
2026-07-08,363,WCIkiuYpS3S6XKV8Rn,GIF,35566
2026-07-08,364,2XhJxylc2hyATdyLCy,GIF,35562
2026-07-08,365,dxie0mdUARIwhn2yee,GIF,35272
2026-07-08,366,A2z7pVURqwz3BlQdQp,GIF,35171
2026-07-08,367,BCu7HM8TzjOxYRWxCB,GIF,34567
2026-07-08,368,p6hxl3FX2QtPN1eWsj,GIF,34503
2026-07-08,369,RUcKKOR9LAGm3Sy9CY,GIF,34460
2026-07-08,370,pUCY24xEv3FuNvWA54,GIF,34305
2026-07-08,371,NCXTJOeB6clLl1XIHm,GIF,34160
2026-07-08,372,T0MPbboDiC4fnKtpKF,GIF,34155
2026-07-08,373,2XtaKuSyUmADvFNWeB,GIF,33509
2026-07-08,374,DGjlGcceVl5RDQC6v7,GIF,33336
2026-07-08,375,tsiV9e5BNYJs9N63xu,GIF,32750
2026-07-08,376,RlkKf5MBzEjqzqN3Pt,GIF,32196
2026-07-08,377,fsCP6Oda0qmhcNPKE1,GIF,32085
2026-07-08,378,kIF7T5i5o9pEglhEHa,GIF,31352
2026-07-08,379,2FbqKii3sahcmtOgU2,GIF,31241
2026-07-08,380,wdwglOfifi6NYq9tjO,GIF,31002
2026-07-08,381,kfjRVgBKSfpje8yaL1,GIF,30942
2026-07-08,382,QTRlMVKXeT15fGVLbk,GIF,30889
2026-07-08,383,9F3kTka3lWs1MoyUW4,GIF,30079
2026-07-08,384,M466iBsWoTlNojJbyk,GIF,29794
2026-07-08,385,WDTFmWErrBo9vvuMJ5,GIF,29494
2026-07-08,386,99L1Ri4cmx4aZ82imT,GIF,29369
2026-07-08,387,kmGi3ucTvgLv6pA7rE,GIF,29180
2026-07-08,388,Foo1QLxlFskrsgYXD8,GIF,28465
2026-07-08,389,29Z7C8nHD9ijZuMqTV,GIF,28407
2026-07-08,390,Ksyo02KzynpxSGIdiu,GIF,28367
2026-07-08,391,1qJHVFYH15SpmhSykp,GIF,28245
2026-07-08,392,j70G4xGbIAyl69HjSG,GIF,28245
2026-07-08,393,d07pfKl4LYFx9eOGnG,GIF,27188
2026-07-08,394,TCYSBvF1McWeOViTdS,GIF,27044
2026-07-08,395,D41XyjutopurXno57q,GIF,26972
2026-07-08,396,YeGuStp7fomlR6Gj8o,GIF,26834
2026-07-08,397,lDvigQV6SivDb1PP17,GIF,26744
2026-07-08,398,E7J4gMgNzH8P5fJIir,GIF,26702
2026-07-08,399,ywVDodGGYpgsU7vb0Q,GIF,26586
2026-07-08,400,Do7K8nCJQrwf7gsrRm,GIF,26344
2026-07-08,401,UwKnpGaeFmihxIEt4Z,GIF,26018
2026-07-08,402,znORHj4fd8MAN7gbLr,GIF,25562
2026-07-08,403,qvGvze34SYzFy0IOjo,GIF,25506
2026-07-08,404,NKb9LW9MrxO48Cd9Mu,GIF,25468
2026-07-08,405,dRdbbodInaw9ngy2et,GIF,25368
2026-07-08,406,Ei2OUMXIhbpl8zcg07,GIF,25180
2026-07-08,407,ZIv6jXtuNWmqe8i4d8,GIF,25118
2026-07-08,408,IbdIiqy5nHTtHJKeuA,GIF,24713
2026-07-08,409,HeFCcdgF37XybNbJM1,GIF,24652
2026-07-08,410,1knediJpPduWeBBS7N,GIF,24090
2026-07-08,411,65WZEH3DbzTOskjZ9F,GIF,24083
2026-07-08,412,FXlBfysZeccejSPXLN,GIF,24000
2026-07-08,413,Y88yhiJDH6tRpPaQ9Y,GIF,23790
2026-07-08,414,DBNUsVBmNhdqMaetuc,GIF,23667
2026-07-08,415,8HsLMUNvbQnVzLWcty,GIF,23566
2026-07-08,416,lUrvU5C0ui1UixvK9l,GIF,23529
2026-07-08,417,9C0eEDiObWC3COXjXj,GIF,23158
2026-07-08,418,51xCLRv58gqjYM63YV,GIF,22869
2026-07-08,419,6nsJtjKzfX0DYG6Fg8,GIF,22487
2026-07-08,420,4I8DiIUSUnnTBauMmF,GIF,22479
2026-07-08,421,EsTiklBWYzosIzPluo,GIF,22138
2026-07-08,422,xD1vpKInrkzJ3Fxael,GIF,22077
2026-07-08,423,d6ZMxXqdHwzsYsjIfP,GIF,21953
2026-07-08,424,BEH8snVdAHDiqrRvhv,GIF,21713
2026-07-08,425,VErfqZkulaxhehX9uN,GIF,21437
2026-07-08,426,oEK27lR1AH4L1uw531,GIF,21401
2026-07-08,427,9YVJ3QFI0T2T1huuOt,GIF,21152
2026-07-08,428,hwIq8i6Qi7UnUGbacf,GIF,21046
2026-07-08,429,z3cQyCScaa6eQAPGxM,GIF,20894
2026-07-08,430,V65BD1iwdbErs5NDw7,GIF,20886
2026-07-08,431,X4AaDMS42L6wqp9I4S,GIF,20862
2026-07-08,432,LM6727wPq5tzhvVLMJ,GIF,20713
2026-07-08,433,zSoJATxvNy74D0WE4l,GIF,20406
2026-07-08,434,Jj6MUSSOBIS7iy4cHl,GIF,20268
2026-07-08,435,fkhqUwfGzSYOrSTJp9,GIF,19958
2026-07-08,436,1d6N0pb13wv2X6Qqhh,GIF,19748
2026-07-08,437,IipkQotlmo8Sh1ABvk,GIF,19629
2026-07-08,438,uCLrRaHsmPHmSNVkY8,GIF,19380
2026-07-08,439,sT7JTqgV96345rxK6n,GIF,19252
2026-07-08,440,kg7ti21Zmn5y1AtniN,GIF,19247
2026-07-08,441,aA455rZHUzTePr7fRv,GIF,18504
2026-07-08,442,gMAqaGlYLH1LnHhSQu,GIF,18355
2026-07-08,443,l5ZWNLnfskv9LTE03S,GIF,18206
2026-07-08,444,JbyrV7bzRuZeOpzb30,GIF,18138
2026-07-08,445,xQNauBqQ1WrqCAPuRE,GIF,17980
2026-07-08,446,HviuxhG9WFXzbBpjJe,GIF,17955
2026-07-08,447,JkGNpFYB3cY7FHn9sx,GIF,17828
2026-07-08,448,SQwDBfwWSCoRe4PcNJ,GIF,17085
2026-07-08,449,3So6FuGb7wVk14P481,GIF,17019
2026-07-08,450,Zw9IYZoi4lR40x6kOh,GIF,16950
2026-07-08,451,U2RkG4c7Vpaz9UnSuZ,GIF,16287
2026-07-08,452,XYiDNupHyw1MaXyFbY,GIF,16219
2026-07-08,453,iVj1jzisyn9qoy0HwT,GIF,16121
2026-07-08,454,PdVb9g4MVTNgQ2OL26,GIF,16061
2026-07-08,455,KB4yS05ErAJldfsNj8,GIF,15972
2026-07-08,456,GMsykn2kFJhMIBPMb9,GIF,15666
2026-07-08,457,sgLnfOIYS7BUIHXUxC,GIF,15587
2026-07-08,458,W2qRsuV2W45gij9eyQ,GIF,15409
2026-07-08,459,0citpjho00ObF3pMEm,GIF,15339
2026-07-08,460,yiNGJnacgioeujOFDw,GIF,15128
2026-07-08,461,33ZJlVdrJfJqeZ8YAd,GIF,15015
2026-07-08,462,x6u2P1xWEqpnimsun6,GIF,14947
2026-07-08,463,tUcJ0CqH4BsIKAIDrB,GIF,14871
2026-07-08,464,AhaWzd6OjdlgzY8poL,GIF,14772
2026-07-08,465,x3LVct059nDJWWHnBs,GIF,14693
2026-07-08,466,pzLy6Kcx9jyVz05UxB,GIF,14666
2026-07-08,467,pKUmbMGZ5eNwfcEOwB,GIF,14603
2026-07-08,468,xdfUlTMvx8p3k8Taet,GIF,14555
2026-07-08,469,oLP7BIj99u0sFUlnsV,GIF,14530
2026-07-08,470,AkjBpF1TnoWQNI57N8,GIF,14204
2026-07-08,471,M3DQRSj2ZR4BSXZMlX,GIF,14182
2026-07-08,472,hvHkkgdpNyYBCNwWii,GIF,14002
2026-07-08,473,UR5a8u78Xa7VdtyJIS,GIF,13996
2026-07-08,474,c14InbFxtr5gAFCZfy,GIF,13896
2026-07-08,475,tFyjXDG8DdgV7jbV1B,GIF,13865
2026-07-08,476,LgaosMJFuBdaBg4Zqw,GIF,13774
2026-07-08,477,wulH1pzgOUFXQQNyor,GIF,13512
2026-07-08,478,2jcJ3HFGUHkTyioaUT,GIF,13361
2026-07-08,479,wyVRFz9fJaE5B8IZ2I,GIF,12860
2026-07-08,480,OlLlVUZxrcqZm6RPza,GIF,12775
2026-07-08,481,j4tl0BRFWySCPi8I98,GIF,12743
2026-07-08,482,UGSaXOiJokVFwXEoAT,GIF,12634
2026-07-08,483,dBEeUL0mbzScibZaSv,GIF,12627
2026-07-08,484,KyUIjPQuLolO6vfaFD,GIF,12436
2026-07-08,485,RYjyZx74LQ511YUxgW,GIF,12434
2026-07-08,486,vgMxyT3D5Nf7YtgLEN,GIF,12278
2026-07-08,487,U6zenm1kWFjycNTkdz,GIF,12277
2026-07-08,488,uYAAG52VMeqNbeKxrw,GIF,12215
2026-07-08,489,hftSnrV7jiNn6MkQk4,GIF,12211
2026-07-08,490,QgBxz4jlNWpq4U0VBL,GIF,12192
2026-07-08,491,bbd845md4bBhtzxnP2,GIF,12178
2026-07-08,492,s4hSWA7C4PRGJwjwkp,GIF,12006
2026-07-08,493,hVlGeCHhXYdIj5VuGy,GIF,11962
2026-07-08,494,4QXKOejCxZAOvUfjxZ,GIF,11895
2026-07-08,495,UiN6zWG0ArXRCn52L0,GIF,11505
2026-07-08,496,xjLbBByLJ19X487OlI,GIF,11489
2026-07-08,497,7uuBgvGPs6E5EttML4,GIF,11410
2026-07-08,498,rqRCINmIhqekY7cxwt,GIF,11262
2026-07-08,499,tRWPZFwfKYTcaQ0Vut,GIF,11197
2026-07-08,500,Atdw4UUjkYNWJaCahh,GIF,11117
2026-07-08,501,nfDB8cFWhS4Dee2sgL,GIF,11115
2026-07-08,502,pWYoNgRTTOcpQEGdh4,GIF,11105
2026-07-08,503,ApgAv4fFKYE5zQmdet,GIF,11081
2026-07-08,504,cpWDzbkGXinjazXAsQ,GIF,10811
2026-07-08,505,mnFrveFv1O0NCcXXRg,GIF,10798
2026-07-08,506,XniMEEmJBr9ukfaFPg,GIF,10642
2026-07-08,507,G4bRYCUE94lLd7ftFC,GIF,10612
2026-07-08,508,4iC6WmsVhfZAeGj178,GIF,10391
2026-07-08,509,K53ka9tKBWvdlEmEiQ,GIF,10319
2026-07-08,510,zIf83ye6vDhxzHKtUd,GIF,10263
2026-07-08,511,QQeMYCJmSK3CvnW69G,GIF,10200
2026-07-08,512,oVgehCwEPrMbYJAeuH,GIF,10163
2026-07-08,513,RjBXlk32cZwWJwL4gS,GIF,10071
2026-07-08,514,ob50T7GkSbkLLSRhQn,GIF,9973
2026-07-08,515,JGpns399tHOQYO7P9u,GIF,9956
2026-07-08,516,QSA6gWBwyyXJIzo0gE,GIF,9879
2026-07-08,517,V2cgY6r7FOSTkCgBS1,GIF,9847
2026-07-08,518,0OVzKdoHvIwJL7RduN,GIF,9643
2026-07-08,519,XHby9xOM0HPzPJ6tqF,GIF,9609
2026-07-08,520,nDLvxkW2XE2ZjcVKQR,GIF,9558
2026-07-08,521,cIJp8Y1yZVnCzjXSjQ,GIF,9519
2026-07-08,522,HOOTxxN5gUjEhJDUzT,GIF,9506
2026-07-08,523,ysB7TRjZlCfK705Qsx,GIF,9403
2026-07-08,524,IhRt3YlSBJDDGKmVfA,GIF,9310
2026-07-08,525,eSfJodS0foTOVqrBg1,GIF,9239
2026-07-08,526,FQaUqL5cxE07TVmEbM,GIF,9207
2026-07-08,527,ocHIQm4HwUXQHcA1U0,GIF,9053
2026-07-08,528,zQxSWfx8MQYyxMzLTW,GIF,9053
2026-07-08,529,hLlrlSXRBLz2a3Fa9b,GIF,8965
2026-07-08,530,rI4yCkQXsGkvkN6qQy,GIF,8832
2026-07-08,531,5b6DvVHMPq5kG9QBE7,GIF,8660
2026-07-08,532,YOy4wfZdVp39GaHWHa,GIF,8647
2026-07-08,533,vWQ3cNvlZdFGn4P8mC,GIF,8568
2026-07-08,534,fLLDOs1PXL5od8aETL,GIF,8566
2026-07-08,535,S8nncQt2T539fDIA0b,GIF,8546
2026-07-08,536,MVdhlDm19paYqtsMfF,GIF,8526
2026-07-08,537,TfKAAlWTfJBh06kQ5S,GIF,8490
2026-07-08,538,HKNFJD7cAwpvlYa6p1,GIF,8391
2026-07-08,539,oU1Fo2c50feGpaWwDh,GIF,8382
2026-07-08,540,kAVvf8QMmCmXU7NDA6,GIF,8377
2026-07-08,541,2AHzoH7CI4TQeyzYCD,GIF,8350
2026-07-08,542,XB8mTbeXNfl7OIlAkt,GIF,8096
2026-07-08,543,MibqmLIdqxwQepv1u4,GIF,8068
2026-07-08,544,KR0ABF8z9pul0Xn1vj,GIF,7968
2026-07-08,545,Z9OWqReW3I4Jr4MEdB,GIF,7848
2026-07-08,546,Ad00UhfBWCrf6iIraA,GIF,7843
2026-07-08,547,e0tqAwofWcxXx9iIN2,GIF,7805
2026-07-08,548,GW5HlgHeRXwbcIRTAO,GIF,7735
2026-07-08,549,cxkFjp3QZGzSh1Iyxz,GIF,7706
2026-07-08,550,Fh1YBOMQy8ivv5QNzd,GIF,7665
2026-07-08,551,qNokvWhj3oqF4D5q3D,GIF,7653
2026-07-08,552,o582qaiYg31UCY2MHB,GIF,7647
2026-07-08,553,hkJqI1Z2eMIZGjaLGr,GIF,7443
2026-07-08,554,akR7RsXOEBsCpVxsp6,GIF,7430
2026-07-08,555,MMQp5dVRWpDk5TKSk3,GIF,7394
2026-07-08,556,kAZI2CjoJeDdkShdIp,GIF,7241
2026-07-08,557,g1TgPevFB2j9fFhIUv,GIF,7215
2026-07-08,558,KlL7G6C1HWtdM3YHse,GIF,7192
2026-07-08,559,F0x8UfLG8yOQPPRCj9,GIF,7053
2026-07-08,560,RZrRtVNSxivmiqc4ms,GIF,6596
2026-07-08,561,UM7sju7MO1wK6KpVdR,GIF,6496
2026-07-08,562,6JNI1PXys4vMII0f9A,GIF,6482
2026-07-08,563,hZtR0YEJJ66b1a0Yrb,GIF,6478
2026-07-08,564,pxIwqllLtTqwkP3P7q,GIF,6433
2026-07-08,565,m6uaoa7xX7Dg2HnF6p,GIF,6393
2026-07-08,566,pq5a9erYX0mupYAw0r,GIF,6263
2026-07-08,567,QozR1lmgh6PNPxiPDH,GIF,6238
2026-07-08,568,kQRBgO3pn3vEnFTgXa,GIF,6052
2026-07-08,569,2MJOk63MZDgJLnCWbP,GIF,6038
2026-07-08,570,9Se0FcKFZFCt7lM2x3,GIF,5951
2026-07-08,571,3bdT6rswZrdJAAXyIY,GIF,5916
2026-07-08,572,UHX8Z1xxM7q95ifvMN,GIF,5859
2026-07-08,573,P2dP3D2kAzqcRPPaWr,GIF,5747
2026-07-08,574,NMa7tlk37iWeBOSmwr,GIF,5721
2026-07-08,575,aFoEcC8r12zpxNNvSz,GIF,5684
2026-07-08,576,qY5hBUyiQSBf79ntVr,GIF,5570
2026-07-08,577,ioikNOK6094SPdG2gY,GIF,5503
2026-07-08,578,tPrbmCVHFFg7K72O3L,GIF,5431
2026-07-08,579,0LBI2fJsWSO88UZip6,GIF,5240
2026-07-08,580,btR3gAi7NqgMjA2aNz,GIF,5209
2026-07-08,581,lo0xHsbZsqAXm3DxRm,GIF,5186
2026-07-08,582,W04ps2Hb3KrzSRGeh6,GIF,5140
2026-07-08,583,oT8h0iLmJVj4OORrVw,GIF,5076
2026-07-08,584,UpPyFzWrRSSCDjWW5S,GIF,5043
2026-07-08,585,0iqkjAyJgiCpPLy3Fq,GIF,4895
2026-07-08,586,VOuTYkX8OhXjetxwQ5,GIF,4705
2026-07-08,587,0r0YUGcSj97ueZws1I,GIF,4586
2026-07-08,588,U0K68elO5NOob4q372,GIF,4419
2026-07-08,589,RHu5cVwkEKODGJMFhD,GIF,3788
2026-07-08,590,uZCGmkB8j9Y2LrKCgC,GIF,3739
2026-07-08,591,V2iTAiTz1UENEuooXW,GIF,3637
2026-07-08,592,DvT1BeIHu3ChyybxkR,GIF,3509
2026-07-08,593,9x7iTJfqgFQMCs0cvY,GIF,3499
2026-07-08,594,fFcZ7GbvG7949eU5xg,GIF,3425
2026-07-08,595,sN3d7kXdPbvjlidiJz,GIF,3363
2026-07-08,596,nohvpMrEwXy468gDFR,GIF,3208
2026-07-08,597,imjTWu6Vx9k0QJwpv4,GIF,3154
2026-07-08,598,1yWBEir2xnNtXtsIt9,GIF,2956
2026-07-08,599,WHFiPP52PG9th1XmMP,GIF,2956
2026-07-08,600,ybF46HrsLDFuMrg0NO,GIF,2797
2026-07-08,601,bnqEjEUGGVrwEqWNJ0,GIF,2772
2026-07-08,602,saM8smyVfRy2WxXNf3,GIF,2690
2026-07-08,603,hPd95ZhVUZRpaqfS71,GIF,2687
2026-07-08,604,Pd6VbhzYBpVXqj1D2b,GIF,2344
2026-07-08,605,6a3eNd7DeaD1dk11hn,GIF,2307
2026-07-08,606,kc5sCk8smIzR9bEVmq,GIF,2184
2026-07-08,607,hRRHZWBCM1iGz8W69i,GIF,2164
2026-07-08,608,jCb2I9TIDuTGehdSHx,GIF,2130
2026-07-08,609,jJjpM5aG60awjoTpKb,GIF,1831
2026-07-08,610,4Z5Et8yinfeZ1jfuJF,GIF,1802
2026-07-08,611,kCbiTm717MlCNnAxeU,GIF,1767
2026-07-08,612,pfDwG4T0vC4IxqS2eN,GIF,1669
2026-07-08,613,lJGL45KeCLzPSaUgTV,GIF,1649
2026-07-08,614,jQgLlzy0ZT54ZCBLTt,GIF,1569
2026-07-08,615,kqkgYGr6YOULDs5Fcn,GIF,1546
2026-07-08,616,NzJ2mFSbkzVkj29CYP,GIF,1518
2026-07-08,617,LcCD3TkQe4SJroMYz5,GIF,1502
2026-07-08,618,5050Byd8dZiD8S7OQo,GIF,1494
2026-07-08,619,b7B608uSFXLuR9yWYH,GIF,1485
2026-07-08,620,1gsEMwwsNPO36OxOQK,GIF,1476
2026-07-08,621,UxIqUYwwUampJ8DTtS,GIF,1469
2026-07-08,622,X29WgAKGLutorgO69Y,GIF,1450
2026-07-08,623,FrixhPI7XEfr3wS5yp,GIF,1408
2026-07-08,624,ifOOtGdoahRmSdfh4k,GIF,1404
2026-07-08,625,4bXiLL05WASnteKd7V,GIF,1372
2026-07-08,626,XPN3II0GRNvYBEbxqs,GIF,1362
2026-07-08,627,YhWN4jrl9saWCBtYVs,GIF,1360
2026-07-08,628,9L7p0XupqB44TIXms9,GIF,1312
2026-07-08,629,5IVmTwSUBkM26gnwiT,GIF,1307
2026-07-08,630,zysC5B66n65evvIv2j,GIF,1300
2026-07-08,631,k8u0YOIFdyRsTb950U,GIF,1284
2026-07-08,632,zkn7BLV7uUc5Orkzzr,GIF,1212
2026-07-08,633,31mHgJnJUAJXIB62kJ,GIF,1200
2026-07-08,634,YEzgbuQKP7ilTDmGni,GIF,1199
2026-07-08,635,cR1Bnk7j1OAqINYtOY,GIF,1067
2026-07-08,636,UPnKAxvJFJWIJn1NNK,GIF,1016
2026-07-08,637,zC1NmByT5WMiTaMHQS,GIF,1007
2026-07-08,638,UzKPSpSLYsY3sTLQ7e,GIF,996
2026-07-08,639,syTxsyJjCeublic7d4,GIF,923
2026-07-08,640,bOLdbJxTL32fzUfQ79,GIF,916
2026-07-08,641,FxFgVET0GLKFojvrla,GIF,902
2026-07-08,642,6DHkm44QfaRU4jjkTd,GIF,861
2026-07-08,643,iRowpDxl0o0Qs0f422,GIF,783
2026-07-08,644,go703FNMkaozEq7tqJ,GIF,746
2026-07-08,645,cZYcjyCHHn2mk1ikmK,GIF,720
2026-07-08,646,JdCL1IXkf3ObMe1SIJ,GIF,692
2026-07-08,647,CKVjlqUmBZdyT7d3W7,GIF,681
2026-07-08,648,mp4uQj1yhchE0FJb19,GIF,649
2026-07-08,649,GxQiKyAy9kzwWgAClZ,GIF,582
2026-07-08,650,U4iDELyXogCfzk2SPc,GIF,579
2026-07-08,651,1YIOwyDs2IK6MPvs3f,GIF,566
2026-07-08,652,toz148aIki3hNi79mi,GIF,555
2026-07-08,653,2OZgYoYD7xUPQjGmsl,GIF,547
2026-07-08,654,dszvmLR6BjdJ3cN3B5,GIF,524
2026-07-08,655,KksuC9fn8zo5RlERgg,GIF,516
2026-07-08,656,N4Aef2XhTGp692NZx7,GIF,514
2026-07-08,657,bzs9ftqVS6wCqrRuWx,GIF,511
2026-07-08,658,2fhhHvDo2dUJMgJFW6,GIF,500
2026-07-08,659,xW6AwwdTobQgDZ3nAU,GIF,496
2026-07-08,660,x61sB9WoV0TIwRSfsR,GIF,490
2026-07-08,661,7HLrdcksEhIrZa9Zir,GIF,481
2026-07-08,662,MSUZpSsPXDiTRUuHTL,GIF,472
2026-07-08,663,A1yl317Qn9BkRcNDyq,GIF,454
2026-07-08,664,BKBmjqo7OhXyBwjnJ1,GIF,410
2026-07-08,665,RwHdKDHMgbReieccJ4,GIF,362
2026-07-08,666,Sfiri0PXigpGueBftO,GIF,15
2026-07-08,667,49lmGu0eQ7ISpToUTU,GIF,2
2026-07-13,1,S0GO7wvqciKU6znbFW,GIF,25367712
2026-07-13,2,VeQ7R5eLzOiZwny95R,GIF,11884952
2026-07-13,3,1MTfxcyrTyUFK9Zp3S,GIF,10889997
2026-07-13,4,YFsvkuJTxLc0uuNrhO,GIF,9785981
2026-07-13,5,Zil84rm4wvlWsJqo9C,GIF,9559286
2026-07-13,6,z1dXRwDsqrjs5KDOML,GIF,6978114
2026-07-13,7,s6eCu3KXqkq8sKt2pD,GIF,5750424
2026-07-13,8,6A9hefwTjvCDMURljb,GIF,5398771
2026-07-13,9,vFAra3l66GR59S9K40,GIF,4701627
2026-07-13,10,n20QOGJq9Smmy5c5Yx,GIF,3837829
2026-07-13,11,7UCWuilJRYlAu15j7U,GIF,3666965
2026-07-13,12,Tp7JErC4Ak5ZrF8ciK,GIF,3657391
2026-07-13,13,HXbjrTClytGyPjam3M,GIF,3446273
2026-07-13,14,hBt0VjWkZbFRBrBACu,GIF,3396881
2026-07-13,15,zFJd9Sp0856KS6dVtv,GIF,3134990
2026-07-13,16,VZ9JDjblGrqOCxqVFT,GIF,3076852
2026-07-13,17,01KHA2KdMQLQi136pi,GIF,3000213
2026-07-13,18,l8eIHDVeTwEm5VOjb1,GIF,2536256
2026-07-13,19,4XEUw17xG7OGK9nuJw,GIF,2498667
2026-07-13,20,ba5JMnrKk4o9z7yiP0,GIF,2330681
2026-07-13,21,3lTznm8qcjuD0dOyof,GIF,2146876
2026-07-13,22,kvrucA56Ge96PitAIf,GIF,2054632
2026-07-13,23,4yd3gQjXGb9aFks0bS,GIF,2000457
2026-07-13,24,gfv9pQSjyN83iR0zM0,GIF,1833835
2026-07-13,25,ykoTW1SqAFoUKMXfwl,GIF,1628548
2026-07-13,26,H1SV8pkPwh24wqRfyd,GIF,1614210
2026-07-13,27,Atd0AOMP5wrkqhYQpM,GIF,1555065
2026-07-13,28,FjOH5YsFZv0M1wuIBb,GIF,1433094
2026-07-13,29,NnvB50iO7TqUyBzFvl,GIF,1431269
2026-07-13,30,CQF6AFxLK2g5y2B2NN,GIF,1383845
2026-07-13,31,MmwWuKZzjxYw05RF8z,GIF,1334929
2026-07-13,32,AZgI9GQ4S4ul6qcA9u,GIF,1325742
2026-07-13,33,Wmu62LX7EfEYjeZFom,GIF,1301956
2026-07-13,34,zbFMPSL8EgDfqeBgWZ,GIF,1249176
2026-07-13,35,XCdhyRfbj2GvgufO0u,GIF,1231847
2026-07-13,36,IvJvPYEXDOoV3ju64N,GIF,1219428
2026-07-13,37,bbQA9p31wBCfGP7Lqq,GIF,1207187
2026-07-13,38,BuT7JDz3OLtImz82QE,GIF,1126209
2026-07-13,39,N20tM6nrrXQMl4HYWz,GIF,1112384
2026-07-13,40,ZfzDxoltZ5FyWrmTJl,GIF,1103531
2026-07-13,41,zbcPsquuTZdA0tMKBx,GIF,1063762
2026-07-13,42,XYGeNuYFTJxYanc1ij,GIF,985620
2026-07-13,43,mwnu1QWfjuMZbKdgcp,GIF,979289
2026-07-13,44,pQxOnCwLvTBG4uf3KD,GIF,907999
2026-07-13,45,4yGaQKJE08kHXPuyMn,GIF,907676
2026-07-13,46,4zCNON1K71s6JXOFd5,GIF,880311
2026-07-13,47,z7kuboVsFhWrC6gJDp,GIF,868372
2026-07-13,48,pTNVcut8Um4qfqAn0v,GIF,838376
2026-07-13,49,6YX6lFHrE3n78eBvRu,GIF,825504
2026-07-13,50,qhb6MgP55rZQIiJPFf,GIF,824207
2026-07-13,51,9dJzU7bFwJBIWjvWO0,GIF,812027
2026-07-13,52,5IYv7MHczMNdqnxWa1,GIF,800352
2026-07-13,53,g2KaTr5PnaMjjBUagH,GIF,799234
2026-07-13,54,zuMnz0s1el2MO30gjg,GIF,740337
2026-07-13,55,w0t4WTCyVJfbNIAwdR,GIF,731254
2026-07-13,56,oowpSQYkmY8zkkApHu,GIF,705279
2026-07-13,57,n4eta4zIkCRr6xbK2f,GIF,689589
2026-07-13,58,WT9XlpCYQY7PtmCLT4,GIF,677759
2026-07-13,59,6o7c1nxSuBTp6XIMzm,GIF,676641
2026-07-13,60,cj0jRYyipLPlzwLs0i,GIF,610913
2026-07-13,61,ZUwEmP2EchPgZetmps,GIF,592146
2026-07-13,62,xNJVAiSsa1wtC14act,GIF,583815
2026-07-13,63,ZtAisAoRQRuf0wlOqe,GIF,582350
2026-07-13,64,VUJFF1jbhxVFyUtLTJ,GIF,577359
2026-07-13,65,QBgFxeacBb59LMX5su,GIF,562617
2026-07-13,66,3CjwLHLooBGmDorkzF,GIF,558115
2026-07-13,67,Brkoiafxyzb94gXrMa,GIF,556139
2026-07-13,68,PMny68XCKFiABxd1SZ,GIF,552754
2026-07-13,69,I70wiKkwEVZWC2HFAO,GIF,536708
2026-07-13,70,TWBEBifNIlRw3WZysb,GIF,534382
2026-07-13,71,VFmjfFzMv0JETVuokv,GIF,531726
2026-07-13,72,C2wLIBhg6rnF2Vk5p3,GIF,524775
2026-07-13,73,TiuUji4KiJvFuzPFYg,GIF,523064
2026-07-13,74,KyJWoY8DDDBnJMn5fY,GIF,519815
2026-07-13,75,VSmo1UmSEnNBOkzzKN,GIF,517724
2026-07-13,76,p5EoYWZd7rXnSrk3A4,GIF,514385
2026-07-13,77,sGr4yrFK3BHDsEhSAM,GIF,506953
2026-07-13,78,qpJtW9XMVylfz7N32c,GIF,501891
2026-07-13,79,2Tmk43f9xbaX1HX5XW,GIF,499650
2026-07-13,80,XbEj9EvaOwUas4Zfkd,GIF,496434
2026-07-13,81,WoJ1KruDxKQ1TdT7LG,GIF,494533
2026-07-13,82,eEEVPZVPzXY9ceK13z,GIF,490158
2026-07-13,83,67KY9IKgii3mZDcGQS,GIF,484474
2026-07-13,84,CLsZfPTw3az9SfokNz,GIF,474935
2026-07-13,85,BxCTf1cNDlhFUdurmO,GIF,473882
2026-07-13,86,W4ZiN0w5JKJF4oK36b,GIF,432091
2026-07-13,87,V7KYS0VPWVdhPFUj9Z,GIF,429038
2026-07-13,88,yVkY5XkSGEbmGkqKlt,GIF,420768
2026-07-13,89,GAczcLkdTCTPS01kQy,GIF,420636
2026-07-13,90,uXV0BqmxAJt7VKNgZh,GIF,414097
2026-07-13,91,8tQLdg1TjgKBuuPbco,GIF,413165
2026-07-13,92,ZqZUWuxULL0IZ3XdCW,GIF,411627
2026-07-13,93,HU5ZX6NCZHrKdAkGtf,GIF,393845
2026-07-13,94,hhL4cErWygGzv0PMwl,GIF,393139
2026-07-13,95,kFnvhvvnxA6KwTnIzA,GIF,391936
2026-07-13,96,tgLpK2WbZhGe0D6UbT,GIF,386757
2026-07-13,97,cPeIETb5b6zKnkngts,GIF,386464
2026-07-13,98,bKDPhQuR4aMtOTfzSz,GIF,363223
2026-07-13,99,N2GUDdRZbdCdUzYkuw,GIF,358072
2026-07-13,100,9HtqtBJIrXjEyDlqtp,GIF,357105
2026-07-13,101,gSJLxCRJSAtTesQIH2,GIF,351430
2026-07-13,102,clODkNL8QqeiiLV871,GIF,349546
2026-07-13,103,wDcx1Rm1hXxGKefyTR,GIF,320127
2026-07-13,104,i09kDxdM8snHxPKl1i,GIF,319706
2026-07-13,105,Oa4QJT3Fb0zQ037mov,GIF,318910
2026-07-13,106,9sKA3ibq7zX02Os7y4,GIF,318471
2026-07-13,107,Px3XFOmPDLjRvP9YeG,GIF,314562
2026-07-13,108,soFxWwpvpFThVlZGd4,GIF,309863
2026-07-13,109,uZ7GOHTYg3w6hAPN9v,GIF,309280
2026-07-13,110,pUnbgneAsAFpw9wmzw,GIF,307859
2026-07-13,111,toIRQFAFFCtAWwJveB,GIF,306950
2026-07-13,112,bktvFDtSnncI1w598s,GIF,304790
2026-07-13,113,woNoaZZ9V12dyjYjJo,GIF,296356
2026-07-13,114,3Vvcnjhme1hwqwMNke,GIF,296200
2026-07-13,115,gGTnOmNz9RWBhLAOww,GIF,293603
2026-07-13,116,l23aOmdgpH4PVpPOOF,GIF,292141
2026-07-13,117,sTKnZMlZKwYbtflXQq,GIF,287603
2026-07-13,118,VtZku1FNcJfdfJLPya,GIF,281947
2026-07-13,119,H5b7aOpD0MCxbT3jFO,GIF,273101
2026-07-13,120,sGkjKXy02jm6wjrij1,GIF,269659
2026-07-13,121,VaHgVrzYDaGrz7JRiX,GIF,269258
2026-07-13,122,FCtjJQzZME69CW6ttp,GIF,267283
2026-07-13,123,m0RdfAX3ZVq56g6Ufb,GIF,264334
2026-07-13,124,QJ4gYE5K7A8FPhPHuX,GIF,263520
2026-07-13,125,RcKxMa4JVupSJSMnhX,GIF,263391
2026-07-13,126,prWnSRzSzVrBZLv41A,GIF,255113
2026-07-13,127,cwXLRZXXoL0np7eb72,GIF,254867
2026-07-13,128,gUn5uaz4fhAKi45l4u,GIF,251179
2026-07-13,129,imjTWu6Vx9k0QJwpv4,GIF,250735
2026-07-13,130,iUmxhJqvJmf1ytmdok,GIF,247596
2026-07-13,131,rcKw9ZKuo0lLFzIuuZ,GIF,246413
2026-07-13,132,y2QSRInUPq9f5evJVB,GIF,246002
2026-07-13,133,Vtg7zkTTczN2bvodCG,GIF,242680
2026-07-13,134,x6TIee2JM9pBwc4MBG,GIF,239651
2026-07-13,135,49UXvksd1mD6ivtzSS,GIF,237663
2026-07-13,136,K4y1b339hvcqk45WJ9,GIF,234142
2026-07-13,137,ydtlZT2ZGwRKUS7k90,GIF,230844
2026-07-13,138,0QcUioJ7k6T2xRT6dI,GIF,229826
2026-07-13,139,GMibniHgHabH5FsvSf,GIF,229741
2026-07-13,140,6SPE2NmJboU2RJtzU7,GIF,228319
2026-07-13,141,zAo4CHpNAaNDg27lmG,GIF,225058
2026-07-13,142,tiqNAs5cs6O0h36elo,GIF,224501
2026-07-13,143,oC6Cx1YXBtvdoYXmZr,GIF,223381
2026-07-13,144,R60s9NrOwv5eTrRPzV,GIF,220830
2026-07-13,145,54Lr6tnL43zux7QcZh,GIF,215190
2026-07-13,146,cYELoocQoVRmY2GRJq,GIF,214968
2026-07-13,147,WmTuF4gz4C3ZfoHQGw,GIF,210125
2026-07-13,148,kg26UxATxZow3AsKZZ,GIF,209674
2026-07-13,149,GJEvTVbP5UFX1rqFKc,GIF,208607
2026-07-13,150,6UDc6ioncYRxWDnp0G,GIF,205684
2026-07-13,151,oxj2Z1k2cHtR0oZkqj,GIF,203338
2026-07-13,152,dgXu5U7aMzbfILnDcj,GIF,200756
2026-07-13,153,6vaqqwTzS6SuR36oIW,GIF,193399
2026-07-13,154,fOGrNl1SGyw9ZF5Qeh,GIF,192370
2026-07-13,155,vaKM2dq2diEh9vUBQP,GIF,188696
2026-07-13,156,TkAIyyDEx6r2Qrm007,GIF,187671
2026-07-13,157,V5xSpg6PoKMeC6mvhG,GIF,187550
2026-07-13,158,czdCrCBERAQKBOfOLo,GIF,186627
2026-07-13,159,ZlBrZ2naavOtI2qSAr,GIF,186442
2026-07-13,160,3oDwGbxOLEg8bEEJIQ,GIF,185101
2026-07-13,161,al9NLseK6dPr8Q0mZz,GIF,184264
2026-07-13,162,HoEkTdvUpnS9WvVPcF,GIF,184070
2026-07-13,163,9bIcqjJn0WBjTCqQOT,GIF,182364
2026-07-13,164,r1CQkqGt4aI7wr1Ohw,GIF,180886
2026-07-13,165,YfVEEx3kXDGBe8YKi8,GIF,180373
2026-07-13,166,MODuEqgpv6IROKtJrO,GIF,179848
2026-07-13,167,5grsDwlqX4kfy71Rdj,GIF,178835
2026-07-13,168,IJSJIxvbADdqn7J4Y3,GIF,178697
2026-07-13,169,N4HpPRFRixdNxu1Fg8,GIF,178277
2026-07-13,170,X8U2NmVTuTntFxGesd,GIF,176295
2026-07-13,171,3v4WsAL4dC4aMtTKdU,GIF,174910
2026-07-13,172,AJYr4bWzAFjdGH9q0o,GIF,172683
2026-07-13,173,6C7KiVEfI724uCVi7b,GIF,170763
2026-07-13,174,5NxsFyN2WM2HjI1BpK,GIF,167274
2026-07-13,175,Lg6tJBqeg7Z8iHTvJK,GIF,165395
2026-07-13,176,7HumoY5K6oo1enpFWe,GIF,165291
2026-07-13,177,N8j7uvd3K7ewojOxxY,GIF,164191
2026-07-13,178,QoVAe2QifgvhK2rnTG,GIF,160867
2026-07-13,179,LUgxmNMnZ1OaYHqZGW,GIF,160174
2026-07-13,180,zKf31joKvY23SQdSTF,GIF,159822
2026-07-13,181,QGy9WgPA5wdXUx7yKE,GIF,159747
2026-07-13,182,xd0DzHA90wF0QspRKE,GIF,159206
2026-07-13,183,ej3ZCWbOwLxwRNC2Kg,GIF,154221
2026-07-13,184,b40vcDOn7iizajr2oM,GIF,153251
2026-07-13,185,xoGxhyhEQOp0jXphxx,GIF,153179
2026-07-13,186,EMrPMmyufe1a1Tz1A5,GIF,150950
2026-07-13,187,0jVa8eudaK9tG5KOUh,GIF,149908
2026-07-13,188,ByodclSkYIdxh8KmGl,GIF,145871
2026-07-13,189,hb9nhr6m3rjQeRs9jp,GIF,145604
2026-07-13,190,no6Mm0U0L9Mv9tzvN9,GIF,142803
2026-07-13,191,Zfddxu8Y4dgWz6ABMI,GIF,142094
2026-07-13,192,lMtSWlhMBsTkmUot5s,GIF,141256
2026-07-13,193,uejerzhWkT2nfV4ekh,GIF,140690
2026-07-13,194,Xl33ygtw7ZElNbVTch,GIF,140549
2026-07-13,195,sKf6fbM0Fhn4keHMYX,GIF,139548
2026-07-13,196,8WBfBgNcz3Ep1OvSUC,GIF,138611
2026-07-13,197,wMeQ3go50ahhciuZwK,GIF,138155
2026-07-13,198,pGYHslrw9ZTEMk9Sn2,GIF,134823
2026-07-13,199,6guW2txh6RAr0RCnTP,GIF,132437
2026-07-13,200,WhOTaSjCzQyMAMBn5v,GIF,131815
2026-07-13,201,lGjWSowFgfSI3Q7CuM,GIF,131324
2026-07-13,202,98ehMD8kX9bLkq9Gcw,GIF,129210
2026-07-13,203,CPApJWHvsT3o5VuKVK,GIF,126211
2026-07-13,204,w4nv4DunM9a4tOEi3Y,GIF,124875
2026-07-13,205,JGbVQO4No1vjY8SRwp,GIF,123353
2026-07-13,206,aZhAXcAN33Makb02CK,GIF,123312
2026-07-13,207,R3h2NcJNbFNBpS4g6q,GIF,121676
2026-07-13,208,pPqefCee0DWoNtfPaN,GIF,120183
2026-07-13,209,6jMy4ML3746kQCwDNl,GIF,119959
2026-07-13,210,p6hxl3FX2QtPN1eWsj,GIF,119609
2026-07-13,211,P4mW1PplxZFjLv81SQ,GIF,119153
2026-07-13,212,lHQGU1fP8dCpgZhRQ8,GIF,118912
2026-07-13,213,wvmHbFg1ExLSSKMaOD,GIF,118067
2026-07-13,214,9HORd4teDGhOt46fEz,GIF,117759
2026-07-13,215,DWuxEYZBw978LKWG1b,GIF,117331
2026-07-13,216,QytjwhKBE2ObyydwQb,GIF,116877
2026-07-13,217,5ssoenGB420wQegvln,GIF,116055
2026-07-13,218,X2tAL568gaKEgB9Anv,GIF,115765
2026-07-13,219,SAyhOhXMo16hk1ceaB,GIF,114656
2026-07-13,220,jxA1BBEg6NzTQL7pvd,GIF,114062
2026-07-13,221,qeTcrWW3wozMaIX6Af,GIF,112963
2026-07-13,222,nNlKQlqY4lK6qAxiQV,GIF,112423
2026-07-13,223,1Brq4LvOtRMIBJQi4U,GIF,109964
2026-07-13,224,3Ej0FdtgfzHznxfoaW,GIF,107950
2026-07-13,225,nqEtJ6z9u3zHbdmFq9,GIF,107849
2026-07-13,226,ncRqGV6vGvUMh7oR7x,GIF,107370
2026-07-13,227,P6CpYQD8EQVdHmbBB7,GIF,107029
2026-07-13,228,2KDnf1jZTUJlrrasTZ,GIF,104853
2026-07-13,229,TnYyD0Y5gHcxxIs60O,GIF,104840
2026-07-13,230,An7uqeayxR5J8dKHu4,GIF,104808
2026-07-13,231,FS1BfSHSEcBM7oXgnd,GIF,104691
2026-07-13,232,xal2XkbIQo668lc27M,GIF,100902
2026-07-13,233,Xy1embN5dYLxDL7J1h,GIF,99547
2026-07-13,234,XCGc4SGOCWsIxXCteW,GIF,98409
2026-07-13,235,0f7MezZNdfdf09G5MR,GIF,97890
2026-07-13,236,ymR0THwsC0ryufBoCC,GIF,96819
2026-07-13,237,mYNEpIFkBXXyA3E2SJ,GIF,96526
2026-07-13,238,01gaL9yoKUBxA6lLSx,GIF,96132
2026-07-13,239,maNlF3eSXasPrO4QdO,GIF,95810
2026-07-13,240,ew2RAEkOVb0O643Wtj,GIF,95189
2026-07-13,241,3DDxEpa9LhhPXbXpoY,GIF,94881
2026-07-13,242,ArFOjTGDqq45OKCAo4,GIF,93658
2026-07-13,243,PictPG2QUCZqYQ7QJm,GIF,93220
2026-07-13,244,BjiE1R8mHXxYRRhY0m,GIF,91817
2026-07-13,245,eGITs6JOnYa9vtjIwc,GIF,91064
2026-07-13,246,gWRf9HI5C42rN1HirJ,GIF,90711
2026-07-13,247,NFlNPPsEU6FSGuOk3e,GIF,90510
2026-07-13,248,vtBtvkJFk09naDtqBk,GIF,90323
2026-07-13,249,5DIPupkmxQqmITQtN1,GIF,90229
2026-07-13,250,jzppiGwPog15PVElfH,GIF,89774
2026-07-13,251,PAHScnX9IEczmvTWFx,GIF,88995
2026-07-13,252,gmEnnJ3Cj1fBPirnyp,GIF,87858
2026-07-13,253,pPGGvsQjn9xJb55F8i,GIF,87586
2026-07-13,254,v5PJmNVxWOTTThmnQg,GIF,87499
2026-07-13,255,8rDd90ItBDko5IMjqu,GIF,87343
2026-07-13,256,KcWVxQd0HvsbqguiXS,GIF,85982
2026-07-13,257,MgeNDcgT4gXYn338jR,GIF,85409
2026-07-13,258,unRjgoWoUAFhPVQLY9,GIF,85361
2026-07-13,259,zdfDUrgmjZWA1HNsfu,GIF,85053
2026-07-13,260,tA9rysiKx5ifhNfO2T,GIF,84496
2026-07-13,261,LIqRddsJ488WR7JkgG,GIF,83326
2026-07-13,262,4agkjC6mUqzk4Ij9jS,GIF,83144
2026-07-13,263,Z43RfKcmhr06OQ5ae2,GIF,82875
2026-07-13,264,IXMc63EIZGgNlNQNZD,GIF,81690
2026-07-13,265,4zJ0Gf0UHqoyJTiJij,GIF,81296
2026-07-13,266,bff86XIkSNuway0pUU,GIF,80392
2026-07-13,267,XjiCTell4KeSfAqaQZ,GIF,79584
2026-07-13,268,1L3Mvo7LQ6VfgJJT6I,GIF,79449
2026-07-13,269,tMZ7ky54PGeypqgalT,GIF,78568
2026-07-13,270,a8ZxCyyxdwfSsqTwsL,GIF,78186
2026-07-13,271,VWeSrHKWQs9WHgEkvh,GIF,78161
2026-07-13,272,2fR6fBgW6BZU1CPIqG,GIF,77905
2026-07-13,273,shE8kiyTqgMBGFmkLs,GIF,75912
2026-07-13,274,QMj3VgVVShzZkjSxTd,GIF,75542
2026-07-13,275,XQGaZGKKKFL5DGdt4Y,GIF,75147
2026-07-13,276,QIpziLuXhTywLdbIkQ,GIF,74959
2026-07-13,277,fAP7QAJ1xFD6JTFM1e,GIF,74449
2026-07-13,278,SglBDgyXDRttbNrLM2,GIF,73973
2026-07-13,279,WxxWLGWv6UUZdsT2lS,GIF,73804
2026-07-13,280,ptWaTNOtCbJyFoPOsI,GIF,73503
2026-07-13,281,jRRG7jt2Js6MacrDGd,GIF,73093
2026-07-13,282,9h1jNCrbYXENVlj1FP,GIF,72555
2026-07-13,283,QyRWxP3YleogvGmo01,GIF,72420
2026-07-13,284,BG3Zejm7Xdx6wWUf1s,GIF,71220
2026-07-13,285,m6Ldp765JS1TOc1epw,GIF,69651
2026-07-13,286,XIxeCLHT9zVohiL4T9,GIF,68967
2026-07-13,287,GGxYV9J86hAuLOftmX,GIF,67870
2026-07-13,288,1XZi1EWSQLY3rMU5hb,GIF,66733
2026-07-13,289,LOVAgqCndxbF0yVSvH,GIF,65927
2026-07-13,290,fJ9p947OpjYoUJv4pq,GIF,65924
2026-07-13,291,kkOOWhftIUKH1gRFI3,GIF,65340
2026-07-13,292,BAvIhFpn2zXzDlaAKV,GIF,64540
2026-07-13,293,Gs7S4vm03HWudtCUxT,GIF,64110
2026-07-13,294,yK7UnYilNJehrLYsIm,GIF,63455
2026-07-13,295,mruAYNxpRfWT7zWOVa,GIF,63295
2026-07-13,296,x7ukpMi4J3VotdbBxy,GIF,62874
2026-07-13,297,VTG38I0RqkksEgqTdJ,GIF,62176
2026-07-13,298,hRRHZWBCM1iGz8W69i,GIF,61883
2026-07-13,299,R4K3oSgQ7goRV5dQW2,GIF,61774
2026-07-13,300,tZ7DeEmaE9nn2rqcF3,GIF,61405
2026-07-13,301,8Ju2XpAU8kax6RU9pd,GIF,61199
2026-07-13,302,hUgUnBmpjUXA8w2eBC,GIF,60715
2026-07-13,303,mLYuk0RvMxWAISGnCA,GIF,60577
2026-07-13,304,TL448BG9MrQXfVRka2,GIF,60546
2026-07-13,305,99L1Ri4cmx4aZ82imT,GIF,60476
2026-07-13,306,Smkq4gh20rTCo9XA5K,GIF,58742
2026-07-13,307,MU4wAQ5AZqlBJTyGFw,GIF,58513
2026-07-13,308,bfb6MDov8wj5qopEZC,GIF,58418
2026-07-13,309,XR7PHHrmVHtqEK1gol,GIF,58078
2026-07-13,310,vXbH7KQWGqNe9heXju,GIF,57935
2026-07-13,311,YoWUM76JMiAUKm9ggl,GIF,57604
2026-07-13,312,KPVPfTOGhR4ZDXsBWA,GIF,57435
2026-07-13,313,592ZMrdelj8j8DlQ2w,GIF,56370
2026-07-13,314,tG40NFJ94fjjn3vRXR,GIF,56027
2026-07-13,315,PJDjRlqkTOWG8CAWNa,GIF,55960
2026-07-13,316,WxKKJGKsUUWPJgkf4N,GIF,55694
2026-07-13,317,6qI2NYWngdAxxVX1zJ,GIF,55479
2026-07-13,318,cfLHHFi62dBMYsloN7,GIF,55075
2026-07-13,319,TFVI6cSKjVwPaqZVKR,GIF,54976
2026-07-13,320,TCYSBvF1McWeOViTdS,GIF,54578
2026-07-13,321,6Zo8j3dDBwQsYvhISc,GIF,54491
2026-07-13,322,w59SdHiwZO84yaEl4U,GIF,54449
2026-07-13,323,aow0lDW9gAStommdsS,GIF,54292
2026-07-13,324,5Cniu3sjAb3IHZD5Bh,GIF,54084
2026-07-13,325,O2iEG5r6EhWWPVCIMl,GIF,53218
2026-07-13,326,PlShyiN5tlquexvBB2,GIF,53104
2026-07-13,327,XCB5P8yCHz9CiAl41q,GIF,52620
2026-07-13,328,XzFg2ZpcLiS4s3N1KC,GIF,51886
2026-07-13,329,NZNjSEXDfUQbmupjJW,GIF,51829
2026-07-13,330,T0MPbboDiC4fnKtpKF,GIF,51772
2026-07-13,331,nRd5z0hIeY7xQz1yai,GIF,51746
2026-07-13,332,NU5arjj8ut7RpNelJ9,GIF,51575
2026-07-13,333,EbEX6H0ZYbCTI9nI25,GIF,50898
2026-07-13,334,GT9cgAAAtfM5JgcZpQ,GIF,50668
2026-07-13,335,7t1kN8b7GyZljUC36u,GIF,49750
2026-07-13,336,JfqESuqy1kOf3HTr8Y,GIF,49099
2026-07-13,337,StRtbzWfsgs33wpW3M,GIF,48675
2026-07-13,338,a3sOeDI1ZuE2UEGEjr,GIF,48414
2026-07-13,339,RJZFIKDrvM9UVstlHg,GIF,48091
2026-07-13,340,ZUtSEAyBuCcewmA29F,GIF,47871
2026-07-13,341,ZEleEa4pY0l7ufKnSY,GIF,47094
2026-07-13,342,HBz4ZFEBOWzRdBO70e,GIF,46801
2026-07-13,343,N6xT6C3SVJJSwH8Mgl,GIF,46748
2026-07-13,344,tsiV9e5BNYJs9N63xu,GIF,46558
2026-07-13,345,dCqQrUmPgICwfSYzgi,GIF,46496
2026-07-13,346,RKSWD89SckpaCkF7lB,GIF,45848
2026-07-13,347,QU3jtBvOsGT110czty,GIF,45687
2026-07-13,348,YIVMHeeUzrNYt7qSqJ,GIF,45605
2026-07-13,349,MZExsocb7ggfMPqiBk,GIF,45493
2026-07-13,350,YRgKKGuDWNqdVKUsJK,GIF,44558
2026-07-13,351,MrHh6mgOcdoAAO4tz0,GIF,44369
2026-07-13,352,0rAnJ9bILAp2bIGcpT,GIF,44119
2026-07-13,353,JcOB2VB2OeXB5ExpHH,GIF,42850
2026-07-13,354,VaSaGr35NjXb2lexto,GIF,42799
2026-07-13,355,JhkFcH98uvMrnDgmn6,GIF,42649
2026-07-13,356,vnuMwvlswGMW38poq2,GIF,42314
2026-07-13,357,Jzp6EmR66Abn9ExWls,GIF,42121
2026-07-13,358,Foo1QLxlFskrsgYXD8,GIF,42106
2026-07-13,359,aW3mqoINZ433Rj4TMz,GIF,42056
2026-07-13,360,z2RmddzZET8w5zZtyb,GIF,41542
2026-07-13,361,5bLSkn2OEV2LU4IPHI,GIF,40934
2026-07-13,362,RUcKKOR9LAGm3Sy9CY,GIF,40425
2026-07-13,363,IvciiQcSOnH7gFlwnK,GIF,39880
2026-07-13,364,mp178ZHLC4sHfOgO12,GIF,39112
2026-07-13,365,9IwfTwulCPEiDADHzx,GIF,38821
2026-07-13,366,ZeK2ek6RtyEL73iY0B,GIF,38096
2026-07-13,367,WCIkiuYpS3S6XKV8Rn,GIF,37923
2026-07-13,368,7rJDG9tWHp7KA9rDDq,GIF,37857
2026-07-13,369,j70G4xGbIAyl69HjSG,GIF,37810
2026-07-13,370,A2z7pVURqwz3BlQdQp,GIF,37769
2026-07-13,371,2XhJxylc2hyATdyLCy,GIF,37596
2026-07-13,372,J3HhbqcC2mKM6eetbu,GIF,37526
2026-07-13,373,dxie0mdUARIwhn2yee,GIF,36661
2026-07-13,374,FzxAj0hfgyAdsW40AC,GIF,36380
2026-07-13,375,DArpiMDTC0np9ytWe8,GIF,36342
2026-07-13,376,ywVDodGGYpgsU7vb0Q,GIF,35892
2026-07-13,377,CaEoDtcNHxY0y3Ll4k,GIF,35827
2026-07-13,378,NCXTJOeB6clLl1XIHm,GIF,35763
2026-07-13,379,9F3kTka3lWs1MoyUW4,GIF,35022
2026-07-13,380,LM6727wPq5tzhvVLMJ,GIF,34896
2026-07-13,381,BCu7HM8TzjOxYRWxCB,GIF,34856
2026-07-13,382,pUCY24xEv3FuNvWA54,GIF,34734
2026-07-13,383,DGjlGcceVl5RDQC6v7,GIF,34134
2026-07-13,384,RlkKf5MBzEjqzqN3Pt,GIF,33950
2026-07-13,385,2XtaKuSyUmADvFNWeB,GIF,33841
2026-07-13,386,29Z7C8nHD9ijZuMqTV,GIF,33780
2026-07-13,387,QTRlMVKXeT15fGVLbk,GIF,33732
2026-07-13,388,WDTFmWErrBo9vvuMJ5,GIF,33537
2026-07-13,389,fsCP6Oda0qmhcNPKE1,GIF,33073
2026-07-13,390,wdwglOfifi6NYq9tjO,GIF,32940
2026-07-13,391,kfjRVgBKSfpje8yaL1,GIF,32550
2026-07-13,392,2FbqKii3sahcmtOgU2,GIF,32501
2026-07-13,393,Ksyo02KzynpxSGIdiu,GIF,32019
2026-07-13,394,kIF7T5i5o9pEglhEHa,GIF,31461
2026-07-13,395,kmGi3ucTvgLv6pA7rE,GIF,30883
2026-07-13,396,lDvigQV6SivDb1PP17,GIF,30696
2026-07-13,397,M466iBsWoTlNojJbyk,GIF,30639
2026-07-13,398,1qJHVFYH15SpmhSykp,GIF,30470
2026-07-13,399,D41XyjutopurXno57q,GIF,29535
2026-07-13,400,UwKnpGaeFmihxIEt4Z,GIF,29149
2026-07-13,401,d07pfKl4LYFx9eOGnG,GIF,28682
2026-07-13,402,YeGuStp7fomlR6Gj8o,GIF,28478
2026-07-13,403,V65BD1iwdbErs5NDw7,GIF,27098
2026-07-13,404,Do7K8nCJQrwf7gsrRm,GIF,27026
2026-07-13,405,E7J4gMgNzH8P5fJIir,GIF,26993
2026-07-13,406,dRdbbodInaw9ngy2et,GIF,26499
2026-07-13,407,IbdIiqy5nHTtHJKeuA,GIF,26105
2026-07-13,408,Ei2OUMXIhbpl8zcg07,GIF,25999
2026-07-13,409,qvGvze34SYzFy0IOjo,GIF,25895
2026-07-13,410,znORHj4fd8MAN7gbLr,GIF,25888
2026-07-13,411,51xCLRv58gqjYM63YV,GIF,25887
2026-07-13,412,NKb9LW9MrxO48Cd9Mu,GIF,25724
2026-07-13,413,8HsLMUNvbQnVzLWcty,GIF,25666
2026-07-13,414,1knediJpPduWeBBS7N,GIF,25620
2026-07-13,415,FXlBfysZeccejSPXLN,GIF,25604
2026-07-13,416,6nsJtjKzfX0DYG6Fg8,GIF,25585
2026-07-13,417,HeFCcdgF37XybNbJM1,GIF,25397
2026-07-13,418,lUrvU5C0ui1UixvK9l,GIF,25389
2026-07-13,419,ZIv6jXtuNWmqe8i4d8,GIF,25376
2026-07-13,420,U6zenm1kWFjycNTkdz,GIF,25201
2026-07-13,421,zSoJATxvNy74D0WE4l,GIF,25193
2026-07-13,422,DBNUsVBmNhdqMaetuc,GIF,25124
2026-07-13,423,65WZEH3DbzTOskjZ9F,GIF,25057
2026-07-13,424,uCLrRaHsmPHmSNVkY8,GIF,25010
2026-07-13,425,4I8DiIUSUnnTBauMmF,GIF,24759
2026-07-13,426,Y88yhiJDH6tRpPaQ9Y,GIF,23971
2026-07-13,427,EsTiklBWYzosIzPluo,GIF,23830
2026-07-13,428,9C0eEDiObWC3COXjXj,GIF,23391
2026-07-13,429,yiNGJnacgioeujOFDw,GIF,22825
2026-07-13,430,1d6N0pb13wv2X6Qqhh,GIF,22708
2026-07-13,431,BEH8snVdAHDiqrRvhv,GIF,22615
2026-07-13,432,d6ZMxXqdHwzsYsjIfP,GIF,22502
2026-07-13,433,oEK27lR1AH4L1uw531,GIF,22499
2026-07-13,434,xD1vpKInrkzJ3Fxael,GIF,22388
2026-07-13,435,UR5a8u78Xa7VdtyJIS,GIF,22275
2026-07-13,436,z3cQyCScaa6eQAPGxM,GIF,22230
2026-07-13,437,Jj6MUSSOBIS7iy4cHl,GIF,22005
2026-07-13,438,9YVJ3QFI0T2T1huuOt,GIF,21828
2026-07-13,439,Zw9IYZoi4lR40x6kOh,GIF,21682
2026-07-13,440,hvHkkgdpNyYBCNwWii,GIF,21622
2026-07-13,441,VErfqZkulaxhehX9uN,GIF,21549
2026-07-13,442,XYiDNupHyw1MaXyFbY,GIF,21409
2026-07-13,443,hwIq8i6Qi7UnUGbacf,GIF,21211
2026-07-13,444,kg7ti21Zmn5y1AtniN,GIF,21095
2026-07-13,445,X4AaDMS42L6wqp9I4S,GIF,21082
2026-07-13,446,GMsykn2kFJhMIBPMb9,GIF,20986
2026-07-13,447,33ZJlVdrJfJqeZ8YAd,GIF,20969
2026-07-13,448,0OVzKdoHvIwJL7RduN,GIF,20265
2026-07-13,449,fkhqUwfGzSYOrSTJp9,GIF,20231
2026-07-13,450,sT7JTqgV96345rxK6n,GIF,19986
2026-07-13,451,IipkQotlmo8Sh1ABvk,GIF,19760
2026-07-13,452,hftSnrV7jiNn6MkQk4,GIF,19759
2026-07-13,453,oVgehCwEPrMbYJAeuH,GIF,19533
2026-07-13,454,l5ZWNLnfskv9LTE03S,GIF,19422
2026-07-13,455,PdVb9g4MVTNgQ2OL26,GIF,19369
2026-07-13,456,QgBxz4jlNWpq4U0VBL,GIF,19251
2026-07-13,457,zkn7BLV7uUc5Orkzzr,GIF,19219
2026-07-13,458,HviuxhG9WFXzbBpjJe,GIF,19218
2026-07-13,459,c14InbFxtr5gAFCZfy,GIF,19055
2026-07-13,460,JbyrV7bzRuZeOpzb30,GIF,19029
2026-07-13,461,xQNauBqQ1WrqCAPuRE,GIF,18962
2026-07-13,462,iVj1jzisyn9qoy0HwT,GIF,18898
2026-07-13,463,gMAqaGlYLH1LnHhSQu,GIF,18873
2026-07-13,464,JkGNpFYB3cY7FHn9sx,GIF,18832
2026-07-13,465,aA455rZHUzTePr7fRv,GIF,18793
2026-07-13,466,SQwDBfwWSCoRe4PcNJ,GIF,18550
2026-07-13,467,e0tqAwofWcxXx9iIN2,GIF,18303
2026-07-13,468,U2RkG4c7Vpaz9UnSuZ,GIF,17964
2026-07-13,469,KB4yS05ErAJldfsNj8,GIF,17888
2026-07-13,470,go703FNMkaozEq7tqJ,GIF,17887
2026-07-13,471,M3DQRSj2ZR4BSXZMlX,GIF,17613
2026-07-13,472,cxkFjp3QZGzSh1Iyxz,GIF,17275
2026-07-13,473,3So6FuGb7wVk14P481,GIF,17189
2026-07-13,474,KyUIjPQuLolO6vfaFD,GIF,17045
2026-07-13,475,rqRCINmIhqekY7cxwt,GIF,16629
2026-07-13,476,0citpjho00ObF3pMEm,GIF,16508
2026-07-13,477,sgLnfOIYS7BUIHXUxC,GIF,16487
2026-07-13,478,nfDB8cFWhS4Dee2sgL,GIF,16447
2026-07-13,479,RYjyZx74LQ511YUxgW,GIF,16044
2026-07-13,480,x3LVct059nDJWWHnBs,GIF,16043
2026-07-13,481,wyVRFz9fJaE5B8IZ2I,GIF,16033
2026-07-13,482,x6u2P1xWEqpnimsun6,GIF,15961
2026-07-13,483,4QXKOejCxZAOvUfjxZ,GIF,15832
2026-07-13,484,xdfUlTMvx8p3k8Taet,GIF,15734
2026-07-13,485,tUcJ0CqH4BsIKAIDrB,GIF,15585
2026-07-13,486,W2qRsuV2W45gij9eyQ,GIF,15544
2026-07-13,487,nohvpMrEwXy468gDFR,GIF,15489
2026-07-13,488,JGpns399tHOQYO7P9u,GIF,15313
2026-07-13,489,pKUmbMGZ5eNwfcEOwB,GIF,15257
2026-07-13,490,pzLy6Kcx9jyVz05UxB,GIF,15230
2026-07-13,491,oLP7BIj99u0sFUlnsV,GIF,15179
2026-07-13,492,AhaWzd6OjdlgzY8poL,GIF,15040
2026-07-13,493,mnFrveFv1O0NCcXXRg,GIF,14945
2026-07-13,494,tFyjXDG8DdgV7jbV1B,GIF,14563
2026-07-13,495,AkjBpF1TnoWQNI57N8,GIF,14463
2026-07-13,496,LgaosMJFuBdaBg4Zqw,GIF,14116
2026-07-13,497,QQeMYCJmSK3CvnW69G,GIF,14027
2026-07-13,498,2jcJ3HFGUHkTyioaUT,GIF,14015
2026-07-13,499,wulH1pzgOUFXQQNyor,GIF,13935
2026-07-13,500,j4tl0BRFWySCPi8I98,GIF,13752
2026-07-13,501,xjLbBByLJ19X487OlI,GIF,13725
2026-07-13,502,CKVjlqUmBZdyT7d3W7,GIF,13697
2026-07-13,503,dBEeUL0mbzScibZaSv,GIF,13332
2026-07-13,504,uYAAG52VMeqNbeKxrw,GIF,13286
2026-07-13,505,UGSaXOiJokVFwXEoAT,GIF,13282
2026-07-13,506,zQxSWfx8MQYyxMzLTW,GIF,13182
2026-07-13,507,s4hSWA7C4PRGJwjwkp,GIF,13157
2026-07-13,508,S8nncQt2T539fDIA0b,GIF,13095
2026-07-13,509,bbd845md4bBhtzxnP2,GIF,13077
2026-07-13,510,OlLlVUZxrcqZm6RPza,GIF,13073
2026-07-13,511,pWYoNgRTTOcpQEGdh4,GIF,12974
2026-07-13,512,6JNI1PXys4vMII0f9A,GIF,12865
2026-07-13,513,YOy4wfZdVp39GaHWHa,GIF,12839
2026-07-13,514,uZCGmkB8j9Y2LrKCgC,GIF,12623
2026-07-13,515,vgMxyT3D5Nf7YtgLEN,GIF,12620
2026-07-13,516,cpWDzbkGXinjazXAsQ,GIF,12594
2026-07-13,517,hVlGeCHhXYdIj5VuGy,GIF,12557
2026-07-13,518,hLlrlSXRBLz2a3Fa9b,GIF,12498
2026-07-13,519,UiN6zWG0ArXRCn52L0,GIF,12381
2026-07-13,520,2AHzoH7CI4TQeyzYCD,GIF,12281
2026-07-13,521,U0K68elO5NOob4q372,GIF,12113
2026-07-13,522,kQRBgO3pn3vEnFTgXa,GIF,12076
2026-07-13,523,tRWPZFwfKYTcaQ0Vut,GIF,12001
2026-07-13,524,0LBI2fJsWSO88UZip6,GIF,11971
2026-07-13,525,G4bRYCUE94lLd7ftFC,GIF,11970
2026-07-13,526,Atdw4UUjkYNWJaCahh,GIF,11950
2026-07-13,527,4iC6WmsVhfZAeGj178,GIF,11758
2026-07-13,528,ApgAv4fFKYE5zQmdet,GIF,11752
2026-07-13,529,7uuBgvGPs6E5EttML4,GIF,11698
2026-07-13,530,RjBXlk32cZwWJwL4gS,GIF,11530
2026-07-13,531,XniMEEmJBr9ukfaFPg,GIF,11324
2026-07-13,532,1yWBEir2xnNtXtsIt9,GIF,11249
2026-07-13,533,eSfJodS0foTOVqrBg1,GIF,11169
2026-07-13,534,ob50T7GkSbkLLSRhQn,GIF,11138
2026-07-13,535,MibqmLIdqxwQepv1u4,GIF,11087
2026-07-13,536,QSA6gWBwyyXJIzo0gE,GIF,11070
2026-07-13,537,Ad00UhfBWCrf6iIraA,GIF,10955
2026-07-13,538,0r0YUGcSj97ueZws1I,GIF,10790
2026-07-13,539,zIf83ye6vDhxzHKtUd,GIF,10771
2026-07-13,540,K53ka9tKBWvdlEmEiQ,GIF,10769
2026-07-13,541,Fh1YBOMQy8ivv5QNzd,GIF,10621
2026-07-13,542,N4Aef2XhTGp692NZx7,GIF,10553
2026-07-13,543,V2cgY6r7FOSTkCgBS1,GIF,10550
2026-07-13,544,cIJp8Y1yZVnCzjXSjQ,GIF,10507
2026-07-13,545,akR7RsXOEBsCpVxsp6,GIF,10478
2026-07-13,546,XHby9xOM0HPzPJ6tqF,GIF,10230
2026-07-13,547,IhRt3YlSBJDDGKmVfA,GIF,10229
2026-07-13,548,ysB7TRjZlCfK705Qsx,GIF,10209
2026-07-13,549,ybF46HrsLDFuMrg0NO,GIF,10198
2026-07-13,550,FQaUqL5cxE07TVmEbM,GIF,10161
2026-07-13,551,nDLvxkW2XE2ZjcVKQR,GIF,10001
2026-07-13,552,HOOTxxN5gUjEhJDUzT,GIF,9966
2026-07-13,553,vWQ3cNvlZdFGn4P8mC,GIF,9745
2026-07-13,554,saM8smyVfRy2WxXNf3,GIF,9642
2026-07-13,555,rI4yCkQXsGkvkN6qQy,GIF,9585
2026-07-13,556,bnqEjEUGGVrwEqWNJ0,GIF,9544
2026-07-13,557,X29WgAKGLutorgO69Y,GIF,9498
2026-07-13,558,oU1Fo2c50feGpaWwDh,GIF,9497
2026-07-13,559,GW5HlgHeRXwbcIRTAO,GIF,9428
2026-07-13,560,4bXiLL05WASnteKd7V,GIF,9369
2026-07-13,561,ocHIQm4HwUXQHcA1U0,GIF,9286
2026-07-13,562,TfKAAlWTfJBh06kQ5S,GIF,9276
2026-07-13,563,UM7sju7MO1wK6KpVdR,GIF,9118
2026-07-13,564,MVdhlDm19paYqtsMfF,GIF,9082
2026-07-13,565,HKNFJD7cAwpvlYa6p1,GIF,9075
2026-07-13,566,5b6DvVHMPq5kG9QBE7,GIF,8977
2026-07-13,567,kCbiTm717MlCNnAxeU,GIF,8875
2026-07-13,568,kAVvf8QMmCmXU7NDA6,GIF,8779
2026-07-13,569,pxIwqllLtTqwkP3P7q,GIF,8732
2026-07-13,570,fLLDOs1PXL5od8aETL,GIF,8715
2026-07-13,571,Z9OWqReW3I4Jr4MEdB,GIF,8681
2026-07-13,572,XB8mTbeXNfl7OIlAkt,GIF,8593
2026-07-13,573,KR0ABF8z9pul0Xn1vj,GIF,8588
2026-07-13,574,qNokvWhj3oqF4D5q3D,GIF,8316
2026-07-13,575,lJGL45KeCLzPSaUgTV,GIF,8208
2026-07-13,576,hkJqI1Z2eMIZGjaLGr,GIF,8118
2026-07-13,577,MMQp5dVRWpDk5TKSk3,GIF,8082
2026-07-13,578,RZrRtVNSxivmiqc4ms,GIF,7945
2026-07-13,579,kAZI2CjoJeDdkShdIp,GIF,7863
2026-07-13,580,o582qaiYg31UCY2MHB,GIF,7801
2026-07-13,581,DvT1BeIHu3ChyybxkR,GIF,7772
2026-07-13,582,V2iTAiTz1UENEuooXW,GIF,7749
2026-07-13,583,g1TgPevFB2j9fFhIUv,GIF,7739
2026-07-13,584,fFcZ7GbvG7949eU5xg,GIF,7687
2026-07-13,585,b7B608uSFXLuR9yWYH,GIF,7662
2026-07-13,586,KlL7G6C1HWtdM3YHse,GIF,7642
2026-07-13,587,qY5hBUyiQSBf79ntVr,GIF,7625
2026-07-13,588,9x7iTJfqgFQMCs0cvY,GIF,7563
2026-07-13,589,5IVmTwSUBkM26gnwiT,GIF,7421
2026-07-13,590,WHFiPP52PG9th1XmMP,GIF,7414
2026-07-13,591,LcCD3TkQe4SJroMYz5,GIF,7405
2026-07-13,592,F0x8UfLG8yOQPPRCj9,GIF,7370
2026-07-13,593,UPnKAxvJFJWIJn1NNK,GIF,7279
2026-07-13,594,hZtR0YEJJ66b1a0Yrb,GIF,7205
2026-07-13,595,lo0xHsbZsqAXm3DxRm,GIF,7024
2026-07-13,596,m6uaoa7xX7Dg2HnF6p,GIF,7020
2026-07-13,597,UHX8Z1xxM7q95ifvMN,GIF,7008
2026-07-13,598,UpPyFzWrRSSCDjWW5S,GIF,6987
2026-07-13,599,3bdT6rswZrdJAAXyIY,GIF,6974
2026-07-13,600,RHu5cVwkEKODGJMFhD,GIF,6949
2026-07-13,601,aFoEcC8r12zpxNNvSz,GIF,6916
2026-07-13,602,mp4uQj1yhchE0FJb19,GIF,6893
2026-07-13,603,1gsEMwwsNPO36OxOQK,GIF,6780
2026-07-13,604,pq5a9erYX0mupYAw0r,GIF,6713
2026-07-13,605,QozR1lmgh6PNPxiPDH,GIF,6696
2026-07-13,606,btR3gAi7NqgMjA2aNz,GIF,6549
2026-07-13,607,9Se0FcKFZFCt7lM2x3,GIF,6467
2026-07-13,608,ioikNOK6094SPdG2gY,GIF,6447
2026-07-13,609,kc5sCk8smIzR9bEVmq,GIF,6372
2026-07-13,610,NMa7tlk37iWeBOSmwr,GIF,6353
2026-07-13,611,2MJOk63MZDgJLnCWbP,GIF,6349
2026-07-13,612,jJjpM5aG60awjoTpKb,GIF,6262
2026-07-13,613,P2dP3D2kAzqcRPPaWr,GIF,6252
2026-07-13,614,jQgLlzy0ZT54ZCBLTt,GIF,6233
2026-07-13,615,k8u0YOIFdyRsTb950U,GIF,6084
2026-07-13,616,Pd6VbhzYBpVXqj1D2b,GIF,6002
2026-07-13,617,tPrbmCVHFFg7K72O3L,GIF,5982
2026-07-13,618,5050Byd8dZiD8S7OQo,GIF,5922
2026-07-13,619,sN3d7kXdPbvjlidiJz,GIF,5908
2026-07-13,620,0iqkjAyJgiCpPLy3Fq,GIF,5515
2026-07-13,621,bzs9ftqVS6wCqrRuWx,GIF,5504
2026-07-13,622,W04ps2Hb3KrzSRGeh6,GIF,5442
2026-07-13,623,VOuTYkX8OhXjetxwQ5,GIF,5436
2026-07-13,624,XPN3II0GRNvYBEbxqs,GIF,5420
2026-07-13,625,FxFgVET0GLKFojvrla,GIF,5238
2026-07-13,626,syTxsyJjCeublic7d4,GIF,5203
2026-07-13,627,oT8h0iLmJVj4OORrVw,GIF,5168
2026-07-13,628,jCb2I9TIDuTGehdSHx,GIF,5134
2026-07-13,629,GxQiKyAy9kzwWgAClZ,GIF,5051
2026-07-13,630,6a3eNd7DeaD1dk11hn,GIF,4981
2026-07-13,631,hPd95ZhVUZRpaqfS71,GIF,4979
2026-07-13,632,6DHkm44QfaRU4jjkTd,GIF,4813
2026-07-13,633,zC1NmByT5WMiTaMHQS,GIF,4788
2026-07-13,634,ifOOtGdoahRmSdfh4k,GIF,4419
2026-07-13,635,9L7p0XupqB44TIXms9,GIF,4404
2026-07-13,636,31mHgJnJUAJXIB62kJ,GIF,4314
2026-07-13,637,UxIqUYwwUampJ8DTtS,GIF,4059
2026-07-13,638,4Z5Et8yinfeZ1jfuJF,GIF,3955
2026-07-13,639,U4iDELyXogCfzk2SPc,GIF,3809
2026-07-13,640,YEzgbuQKP7ilTDmGni,GIF,3641
2026-07-13,641,iRowpDxl0o0Qs0f422,GIF,3523
2026-07-13,642,2OZgYoYD7xUPQjGmsl,GIF,3296
2026-07-13,643,pfDwG4T0vC4IxqS2eN,GIF,3283
2026-07-13,644,toz148aIki3hNi79mi,GIF,3262
2026-07-13,645,2fhhHvDo2dUJMgJFW6,GIF,3161
2026-07-13,646,bOLdbJxTL32fzUfQ79,GIF,3135
2026-07-13,647,YhWN4jrl9saWCBtYVs,GIF,2938
2026-07-13,648,dszvmLR6BjdJ3cN3B5,GIF,2935
2026-07-13,649,UzKPSpSLYsY3sTLQ7e,GIF,2878
2026-07-13,650,kqkgYGr6YOULDs5Fcn,GIF,2662
2026-07-13,651,zysC5B66n65evvIv2j,GIF,2516
2026-07-13,652,cR1Bnk7j1OAqINYtOY,GIF,2475
2026-07-13,653,JdCL1IXkf3ObMe1SIJ,GIF,2334
2026-07-13,654,NzJ2mFSbkzVkj29CYP,GIF,2314
2026-07-13,655,FrixhPI7XEfr3wS5yp,GIF,2262
2026-07-13,656,KksuC9fn8zo5RlERgg,GIF,2262
2026-07-13,657,cZYcjyCHHn2mk1ikmK,GIF,2261
2026-07-13,658,MSUZpSsPXDiTRUuHTL,GIF,2146
2026-07-13,659,BKBmjqo7OhXyBwjnJ1,GIF,2101
2026-07-13,660,A1yl317Qn9BkRcNDyq,GIF,1949
2026-07-13,661,1YIOwyDs2IK6MPvs3f,GIF,1844
2026-07-13,662,7HLrdcksEhIrZa9Zir,GIF,1803
2026-07-13,663,x61sB9WoV0TIwRSfsR,GIF,1780
2026-07-13,664,RwHdKDHMgbReieccJ4,GIF,1702
2026-07-13,665,xW6AwwdTobQgDZ3nAU,GIF,1619
2026-07-13,666,Sfiri0PXigpGueBftO,GIF,15
2026-07-13,667,uKuw4epL1KjAqERkXv,GIF,3
2026-07-13,668,49lmGu0eQ7ISpToUTU,GIF,2
