"gif_id","title","kind","created","views"
"S0GO7wvqciKU6znbFW","Celebrate World Cup GIF by OneFootball Heads","gif","2026-01-20T05:02:26+0000","25367712"
"VeQ7R5eLzOiZwny95R","Preach For Real GIF by OneFootball Heads","gif","2025-06-26T12:13:18+0000","11839476"
"1MTfxcyrTyUFK9Zp3S","Celebrate World Cup GIF by OneFootball Heads","gif","2026-01-20T05:03:57+0000","10801103"
"YFsvkuJTxLc0uuNrhO","Accuse He Did It GIF by OneFootball Heads","gif","2025-08-03T14:20:49+0000","9785981"
"Zil84rm4wvlWsJqo9C","Celebrate World Cup GIF by OneFootball Heads","gif","2026-01-20T05:02:18+0000","9559286"
"z1dXRwDsqrjs5KDOML","Bored Old Man GIF by OneFootball Heads","gif","2025-07-01T18:20:11+0000","6957374"
"s6eCu3KXqkq8sKt2pD","World Cup Win GIF by OneFootball Heads","gif","2026-01-20T05:06:54+0000","5560427"
"6A9hefwTjvCDMURljb","Game Show Reaction Gif GIF by OneFootball Heads","gif","2025-06-20T13:19:53+0000","5398771"
"vFAra3l66GR59S9K40","Proud Number One GIF by OneFootball Heads","gif","2025-10-19T17:09:31+0000","4684796"
"n20QOGJq9Smmy5c5Yx","Happy Love It GIF by OneFootball Heads","gif","2025-10-19T17:10:49+0000","3837829"
"7UCWuilJRYlAu15j7U","Celebrate World Cup GIF by OneFootball Heads","gif","2026-01-20T05:03:24+0000","3666965"
"Tp7JErC4Ak5ZrF8ciK","Celebrate World Cup GIF by OneFootball Heads","gif","2026-01-20T05:05:08+0000","3657391"
"HXbjrTClytGyPjam3M","Hat-Trick Football GIF by OneFootball Heads","gif","2026-03-26T22:32:17+0000","3446273"
"hBt0VjWkZbFRBrBACu","Refreshing Water Bottle GIF by OneFootball Heads","gif","2025-06-18T09:52:56+0000","3396881"
"zFJd9Sp0856KS6dVtv","Start Yes GIF by OneFootball Heads","gif","2025-10-19T17:09:36+0000","3124331"
"VZ9JDjblGrqOCxqVFT","Celebrate World Cup GIF by OneFootball Heads","gif","2026-01-20T05:12:15+0000","3076852"
"01KHA2KdMQLQi136pi","Save Big Game GIF by OneFootball Heads","gif","2025-09-11T07:36:40+0000","2968325"
"l8eIHDVeTwEm5VOjb1","Tv Time Yawn GIF by OneFootball Heads","gif","2025-07-01T18:20:06+0000","2528991"
"4XEUw17xG7OGK9nuJw","Happy Lets Go GIF by OneFootball Heads","gif","2025-06-26T12:13:13+0000","2498318"
"ba5JMnrKk4o9z7yiP0","Celebrate World Cup GIF by OneFootball Heads","gif","2026-01-20T05:08:01+0000","2260311"
"kvrucA56Ge96PitAIf","Sad Game Over GIF by OneFootball Heads","gif","2025-08-03T14:21:01+0000","2054632"
"3lTznm8qcjuD0dOyof","Celebrate World Cup GIF by OneFootball Heads","gif","2026-01-20T05:07:52+0000","2027695"
"4yd3gQjXGb9aFks0bS","Serious Red Card GIF by OneFootball Heads","gif","2025-10-19T17:11:24+0000","1997411"
"gfv9pQSjyN83iR0zM0","Celebrate World Cup GIF by OneFootball Heads","gif","2026-01-20T05:05:47+0000","1815746"
"H1SV8pkPwh24wqRfyd","Celebrate World Cup GIF by OneFootball Heads","gif","2026-01-20T05:05:41+0000","1614210"
"Atd0AOMP5wrkqhYQpM","Serious Red Card GIF by OneFootball Heads","gif","2025-10-19T17:11:38+0000","1555065"
"FjOH5YsFZv0M1wuIBb","Metal Detector GIF by OneFootball Heads","gif","2026-02-09T04:37:32+0000","1433094"
"NnvB50iO7TqUyBzFvl","Big Brain Funny Gif GIF by OneFootball Heads","gif","2025-06-26T12:13:26+0000","1431269"
"CQF6AFxLK2g5y2B2NN","Celebrate World Cup GIF by OneFootball Heads","gif","2026-01-20T05:08:43+0000","1383845"
"ykoTW1SqAFoUKMXfwl","Celebrate World Cup GIF by OneFootball Heads","gif","2026-01-20T05:07:09+0000","1363299"
"MmwWuKZzjxYw05RF8z","Celebrate World Cup GIF by OneFootball Heads","gif","2026-01-20T05:11:48+0000","1334929"
"AZgI9GQ4S4ul6qcA9u","Football Fan GIF by OneFootball Heads","gif","2025-07-01T18:20:54+0000","1325742"
"Wmu62LX7EfEYjeZFom","Join In Lets Go GIF by OneFootball Heads","gif","2025-10-19T17:10:27+0000","1301956"
"zbFMPSL8EgDfqeBgWZ","Save Football Game GIF by OneFootball Heads","gif","2025-09-11T07:35:31+0000","1240963"
"XCdhyRfbj2GvgufO0u","Football Soccer GIF by OneFootball Heads","gif","2026-03-26T22:31:20+0000","1231847"
"IvJvPYEXDOoV3ju64N","Celebrate World Cup GIF by OneFootball Heads","gif","2026-01-20T05:11:34+0000","1219428"
"bbQA9p31wBCfGP7Lqq","Red Button No GIF by OneFootball Heads","gif","2025-10-19T17:09:44+0000","1207187"
"BuT7JDz3OLtImz82QE","Walk Like An Egyptian Dancing GIF by OneFootball Heads","gif","2026-02-09T04:36:49+0000","1126209"
"N20tM6nrrXQMl4HYWz","Green Flag Relationships GIF by OneFootball Heads","gif","2026-02-09T04:36:33+0000","1112384"
"ZfzDxoltZ5FyWrmTJl","Celebrate World Cup GIF by OneFootball Heads","gif","2026-01-20T05:12:03+0000","1103531"
"zbcPsquuTZdA0tMKBx","Celebration Brazil GIF by OneFootball Heads","gif","2025-10-25T01:56:58+0000","1063762"
"XYGeNuYFTJxYanc1ij","Celebrate World Cup GIF by OneFootball Heads","gif","2026-01-20T05:05:22+0000","985620"
"mwnu1QWfjuMZbKdgcp","Celebrate World Cup GIF by OneFootball Heads","gif","2026-01-20T05:11:12+0000","979289"
"pQxOnCwLvTBG4uf3KD","Angry Over It GIF by OneFootball Heads","gif","2025-07-01T18:19:55+0000","907999"
"4yGaQKJE08kHXPuyMn","Celebrate World Cup GIF by OneFootball Heads","gif","2026-01-20T05:11:41+0000","907676"
"4zCNON1K71s6JXOFd5","Celebrate World Cup GIF by OneFootball Heads","gif","2026-01-20T05:07:38+0000","876147"
"z7kuboVsFhWrC6gJDp","Cool Off Break Time GIF by OneFootball Heads","gif","2025-07-01T18:18:42+0000","868372"
"pTNVcut8Um4qfqAn0v","Celebrate World Cup GIF by OneFootball Heads","gif","2026-01-20T05:03:16+0000","838376"
"6YX6lFHrE3n78eBvRu","Tidy Up GIF by OneFootball Heads","gif","2025-08-04T07:31:46+0000","825504"
"9dJzU7bFwJBIWjvWO0","Celebrate World Cup GIF by OneFootball Heads","gif","2026-01-20T05:04:12+0000","812027"
"g2KaTr5PnaMjjBUagH","Celebrate World Cup GIF by OneFootball Heads","gif","2026-01-20T05:00:58+0000","799234"
"5IYv7MHczMNdqnxWa1","Celebrate World Cup GIF by OneFootball Heads","gif","2026-01-20T05:11:06+0000","793091"
"zuMnz0s1el2MO30gjg","Celebrate World Cup GIF by OneFootball Heads","gif","2026-01-20T05:09:02+0000","740337"
"w0t4WTCyVJfbNIAwdR","Celebrate World Cup GIF by OneFootball Heads","gif","2026-01-20T05:03:50+0000","731254"
"oowpSQYkmY8zkkApHu","Celebrate World Cup GIF by OneFootball Heads","gif","2026-01-20T05:00:50+0000","704919"
"WT9XlpCYQY7PtmCLT4","OneFootball Heads GIF","gif","2025-06-16T07:55:46+0000","677759"
"6o7c1nxSuBTp6XIMzm","Football Soccer GIF by OneFootball Heads","gif","2026-03-26T22:32:44+0000","676641"
"n4eta4zIkCRr6xbK2f","Celebrate Germany GIF by OneFootball Heads","gif","2026-01-20T05:04:48+0000","656066"
"cj0jRYyipLPlzwLs0i","Celebrate World Cup GIF by OneFootball Heads","gif","2026-01-20T05:00:24+0000","608936"
"xNJVAiSsa1wtC14act","Angry Soccer GIF by OneFootball Heads","gif","2025-07-01T18:20:28+0000","583815"
"ZUwEmP2EchPgZetmps","Celebrate World Cup GIF by OneFootball Heads","gif","2026-01-20T05:02:40+0000","581181"
"ZtAisAoRQRuf0wlOqe","Proud Celebration GIF by OneFootball Heads","gif","2025-10-19T17:10:20+0000","579853"
"VUJFF1jbhxVFyUtLTJ","World Cup Football GIF by OneFootball Heads","gif","2026-06-18T14:33:07+0000","577359"
"QBgFxeacBb59LMX5su","Celebrate World Cup GIF by OneFootball Heads","gif","2026-01-20T05:03:03+0000","562617"
"3CjwLHLooBGmDorkzF","Celebrate World Cup GIF by OneFootball Heads","gif","2026-01-20T05:10:39+0000","558115"
"Brkoiafxyzb94gXrMa","Celebrate World Cup GIF by OneFootball Heads","gif","2026-01-20T05:07:57+0000","554049"
"PMny68XCKFiABxd1SZ","Hat Trick Football GIF by OneFootball Heads","gif","2026-03-26T22:33:05+0000","552754"
"I70wiKkwEVZWC2HFAO","Happy Birthday GIF by OneFootball Heads","gif","2025-06-20T19:06:07+0000","536708"
"TWBEBifNIlRw3WZysb","Happy Champions League GIF by OneFootball Heads","gif","2025-08-04T07:30:29+0000","530993"
"C2wLIBhg6rnF2Vk5p3","Bored Fed Up GIF by OneFootball Heads","gif","2025-09-11T07:34:03+0000","524775"
"TiuUji4KiJvFuzPFYg","Hungry Noodles GIF by OneFootball Heads","gif","2025-06-20T13:20:13+0000","523064"
"KyJWoY8DDDBnJMn5fY","Frustrated Video Game GIF by OneFootball Heads","gif","2025-09-11T07:34:22+0000","519815"
"p5EoYWZd7rXnSrk3A4","Serious Stop GIF by OneFootball Heads","gif","2025-10-19T17:10:33+0000","514385"
"sGr4yrFK3BHDsEhSAM","Game Time Football GIF by OneFootball Heads","gif","2025-09-11T07:34:12+0000","506953"
"qpJtW9XMVylfz7N32c","Celebrate World Cup GIF by OneFootball Heads","gif","2026-01-20T05:08:16+0000","501891"
"2Tmk43f9xbaX1HX5XW","Celebrate World Cup GIF by OneFootball Heads","gif","2026-01-20T05:12:20+0000","499650"
"WoJ1KruDxKQ1TdT7LG","Celebrate World Cup GIF by OneFootball Heads","gif","2026-01-20T05:08:34+0000","494533"
"VSmo1UmSEnNBOkzzKN","Celebrate World Cup GIF by OneFootball Heads","gif","2026-01-20T05:07:46+0000","491990"
"XbEj9EvaOwUas4Zfkd","Celebrate World Cup GIF by OneFootball Heads","gif","2026-01-20T05:04:55+0000","491716"
"eEEVPZVPzXY9ceK13z","Metal Detector Searching GIF by OneFootball Heads","gif","2026-02-09T04:38:25+0000","488052"
"67KY9IKgii3mZDcGQS","Excited Lets Go GIF by OneFootball Heads","gif","2025-10-19T17:10:39+0000","484474"
"CLsZfPTw3az9SfokNz","Referee Var GIF by OneFootball Heads","gif","2025-08-04T07:31:02+0000","474935"
"BxCTf1cNDlhFUdurmO","Celebrate World Cup GIF by OneFootball Heads","gif","2026-01-20T05:06:27+0000","473882"
"VFmjfFzMv0JETVuokv","World Cup Football GIF by OneFootball Heads","gif","2026-06-18T12:49:11+0000","441980"
"W4ZiN0w5JKJF4oK36b","Celebrate World Cup GIF by OneFootball Heads","gif","2026-01-20T05:00:35+0000","432091"
"yVkY5XkSGEbmGkqKlt","Foodie Watermelon GIF by OneFootball Heads","gif","2025-09-11T07:33:40+0000","420768"
"GAczcLkdTCTPS01kQy","Celebrate World Cup GIF by OneFootball Heads","gif","2026-01-20T05:06:16+0000","420636"
"8tQLdg1TjgKBuuPbco","World Cup Football GIF by OneFootball Heads","gif","2026-06-18T12:50:43+0000","413165"
"ZqZUWuxULL0IZ3XdCW","Celebrate World Cup GIF by OneFootball Heads","gif","2026-01-20T05:05:02+0000","411627"
"V7KYS0VPWVdhPFUj9Z","Celebrate World Cup GIF by OneFootball Heads","gif","2026-01-20T05:03:43+0000","404840"
"uXV0BqmxAJt7VKNgZh","Celebrate Germany GIF by OneFootball Heads","gif","2026-01-20T05:04:40+0000","400973"
"hhL4cErWygGzv0PMwl","Pool Party Summer GIF by OneFootball Heads","gif","2026-01-20T14:30:33+0000","393139"
"HU5ZX6NCZHrKdAkGtf","Celebrate World Cup GIF by OneFootball Heads","gif","2026-01-20T05:06:35+0000","391559"
"kFnvhvvnxA6KwTnIzA","Hat-Trick Football GIF by OneFootball Heads","gif","2026-03-26T22:32:38+0000","389635"
"tgLpK2WbZhGe0D6UbT","Slow Motion Boom GIF by OneFootball Heads","gif","2025-06-18T09:52:08+0000","386757"
"cPeIETb5b6zKnkngts","Serious Red Card GIF by OneFootball Heads","gif","2025-10-19T17:12:31+0000","386464"
"bKDPhQuR4aMtOTfzSz","Celebrate World Cup GIF by OneFootball Heads","gif","2026-01-20T05:12:09+0000","363223"
"N2GUDdRZbdCdUzYkuw","Celebrate Lets Go GIF by OneFootball Heads","gif","2025-06-18T09:50:51+0000","358072"
"9HtqtBJIrXjEyDlqtp","Scoring Football Game GIF by OneFootball Heads","gif","2025-09-11T07:36:44+0000","357105"
"gSJLxCRJSAtTesQIH2","Game Over Football GIF by OneFootball Heads","gif","2025-07-01T18:20:49+0000","351430"
"wDcx1Rm1hXxGKefyTR","Celebrate World Cup GIF by OneFootball Heads","gif","2026-01-20T05:02:55+0000","320127"
"i09kDxdM8snHxPKl1i","Celebrate World Cup GIF by OneFootball Heads","gif","2026-01-20T05:06:21+0000","319706"
"Oa4QJT3Fb0zQ037mov","Shock Whats That GIF by OneFootball Heads","gif","2026-02-09T04:38:43+0000","318910"
"9sKA3ibq7zX02Os7y4","Happy Celebration GIF by OneFootball Heads","gif","2025-10-19T17:12:20+0000","317267"
"Px3XFOmPDLjRvP9YeG","Celebrate World Cup GIF by OneFootball Heads","gif","2026-01-20T05:09:34+0000","314562"
"soFxWwpvpFThVlZGd4","Celebrate World Cup GIF by OneFootball Heads","gif","2026-01-20T05:01:15+0000","309863"
"uZ7GOHTYg3w6hAPN9v","Unity We Agree GIF by OneFootball Heads","gif","2025-08-03T14:19:49+0000","309280"
"toIRQFAFFCtAWwJveB","Whats Up Hello GIF by OneFootball Heads","gif","2025-06-18T09:53:48+0000","306950"
"clODkNL8QqeiiLV871","Celebrate World Cup GIF by OneFootball Heads","gif","2026-01-20T05:08:08+0000","306079"
"bktvFDtSnncI1w598s","Celebrate World Cup GIF by OneFootball Heads","gif","2026-01-20T05:05:14+0000","304790"
"pUnbgneAsAFpw9wmzw","Game Time Goalkeeper GIF by OneFootball Heads","gif","2025-09-11T07:34:17+0000","296804"
"woNoaZZ9V12dyjYjJo","Game Over Football GIF by OneFootball Heads","gif","2025-07-01T18:19:48+0000","295333"
"3Vvcnjhme1hwqwMNke","Whats Going On Hello GIF by OneFootball Heads","gif","2025-07-01T18:21:14+0000","295269"
"gGTnOmNz9RWBhLAOww","Hungry Bad Day GIF by OneFootball Heads","gif","2025-09-11T07:34:08+0000","293603"
"qhb6MgP55rZQIiJPFf","Celebrate World Cup GIF by OneFootball Heads","gif","2026-01-20T05:07:24+0000","293048"
"l23aOmdgpH4PVpPOOF","Celebrate World Cup GIF by OneFootball Heads","gif","2026-01-20T05:02:11+0000","292141"
"sTKnZMlZKwYbtflXQq","Angry Watch Out GIF by OneFootball Heads","gif","2025-08-04T07:30:52+0000","287603"
"VtZku1FNcJfdfJLPya","Lets Go Football GIF by OneFootball Heads","gif","2025-07-01T18:18:32+0000","281947"
"H5b7aOpD0MCxbT3jFO","Celebrate World Cup GIF by OneFootball Heads","gif","2026-01-20T05:06:42+0000","273101"
"VaHgVrzYDaGrz7JRiX","Sorry Leave Me Alone GIF by OneFootball Heads","gif","2025-07-01T18:19:38+0000","269258"
"sGkjKXy02jm6wjrij1","I Love You Kiss GIF by OneFootball Heads","gif","2025-08-03T14:21:20+0000","268313"
"FCtjJQzZME69CW6ttp","Football Soccer GIF by OneFootball Heads","gif","2025-07-01T18:18:37+0000","267283"
"QJ4gYE5K7A8FPhPHuX","Celebrate World Cup GIF by OneFootball Heads","gif","2026-01-20T05:10:52+0000","263520"
"m0RdfAX3ZVq56g6Ufb","I Love You Kiss GIF by OneFootball Heads","gif","2025-08-03T14:21:14+0000","263113"
"RcKxMa4JVupSJSMnhX","OneFootball Heads GIF","gif","2025-06-13T19:24:21+0000","262673"
"cwXLRZXXoL0np7eb72","Bubbles Childhood GIF by OneFootball Heads","gif","2025-09-11T07:33:58+0000","254218"
"gUn5uaz4fhAKi45l4u","OneFootball Heads GIF","gif","2025-06-13T19:24:26+0000","251179"
"rcKw9ZKuo0lLFzIuuZ","Warning Red Flag GIF by OneFootball Heads","gif","2026-02-09T04:36:38+0000","246413"
"y2QSRInUPq9f5evJVB","Stay Calm Market Crash GIF by OneFootball Heads","gif","2025-06-18T09:51:23+0000","246002"
"iUmxhJqvJmf1ytmdok","World Cup Football GIF by OneFootball Heads","gif","2026-06-18T16:14:44+0000","245288"
"x6TIee2JM9pBwc4MBG","Excited Video Game GIF by OneFootball Heads","gif","2025-08-03T14:20:05+0000","239651"
"Vtg7zkTTczN2bvodCG","Stay Hydrated Drink Water GIF by OneFootball Heads","gif","2025-07-01T18:20:17+0000","239550"
"prWnSRzSzVrBZLv41A","Celebrate World Cup GIF by OneFootball Heads","gif","2026-01-20T05:03:31+0000","238688"
"K4y1b339hvcqk45WJ9","World Cup Football GIF by OneFootball Heads","gif","2026-06-18T12:55:15+0000","234142"
"ydtlZT2ZGwRKUS7k90","Bored Fed Up GIF by OneFootball Heads","gif","2025-09-11T07:35:44+0000","230844"
"0QcUioJ7k6T2xRT6dI","Celebrate World Cup GIF by OneFootball Heads","gif","2026-01-20T05:11:56+0000","229826"
"6SPE2NmJboU2RJtzU7","Celebrate World Cup GIF by OneFootball Heads","gif","2026-01-20T05:01:06+0000","228319"
"GMibniHgHabH5FsvSf","Football Soccer GIF by OneFootball Heads","gif","2026-03-26T22:31:38+0000","226449"
"zAo4CHpNAaNDg27lmG","Celebrate World Cup GIF by OneFootball Heads","gif","2026-01-20T05:02:03+0000","225058"
"tiqNAs5cs6O0h36elo","Game On Football GIF by OneFootball Heads","gif","2025-07-01T18:19:32+0000","224501"
"oC6Cx1YXBtvdoYXmZr","Celebration Wow GIF by OneFootball Heads","gif","2025-08-04T07:32:06+0000","223381"
"R60s9NrOwv5eTrRPzV","Game Day Chips GIF by OneFootball Heads","gif","2025-07-01T18:20:01+0000","220830"
"54Lr6tnL43zux7QcZh","Celebrate World Cup GIF by OneFootball Heads","gif","2026-01-20T05:10:30+0000","215190"
"cYELoocQoVRmY2GRJq","World Cup Football GIF by OneFootball Heads","gif","2026-06-18T12:56:35+0000","214968"
"WmTuF4gz4C3ZfoHQGw","Celebrate World Cup GIF by OneFootball Heads","gif","2026-01-20T05:06:00+0000","210125"
"kg26UxATxZow3AsKZZ","World Cup Football GIF by OneFootball Heads","gif","2026-06-18T14:32:12+0000","209674"
"GJEvTVbP5UFX1rqFKc","Frustrated Video Games GIF by OneFootball Heads","gif","2025-09-11T07:36:35+0000","208607"
"6UDc6ioncYRxWDnp0G","Signing Football Fan GIF by OneFootball Heads","gif","2026-05-22T01:54:32+0000","205684"
"oxj2Z1k2cHtR0oZkqj","Coffee Time Reaction Gif GIF by OneFootball Heads","gif","2025-06-20T13:20:24+0000","203338"
"dgXu5U7aMzbfILnDcj","World Cup Football GIF by OneFootball Heads","gif","2026-06-18T12:51:59+0000","200756"
"6vaqqwTzS6SuR36oIW","Tidy Up GIF by OneFootball Heads","gif","2025-08-04T07:31:52+0000","193399"
"fOGrNl1SGyw9ZF5Qeh","Truth Agree GIF by OneFootball Heads","gif","2025-06-20T13:20:39+0000","192370"
"vaKM2dq2diEh9vUBQP","OneFootball Heads GIF","gif","2025-06-13T19:24:32+0000","188097"
"TkAIyyDEx6r2Qrm007","Well Done Good Job GIF by OneFootball Heads","gif","2025-08-03T14:20:21+0000","187671"
"ZlBrZ2naavOtI2qSAr","Happy Game Over GIF by OneFootball Heads","gif","2025-07-01T18:21:05+0000","186442"
"czdCrCBERAQKBOfOLo","Football Soccer GIF by OneFootball Heads","gif","2026-03-26T22:33:15+0000","185170"
"3oDwGbxOLEg8bEEJIQ","Football Omg GIF by OneFootball Heads","gif","2025-07-01T18:19:15+0000","185101"
"al9NLseK6dPr8Q0mZz","Bored Tv Sports GIF by OneFootball Heads","gif","2025-07-01T18:20:33+0000","184264"
"HoEkTdvUpnS9WvVPcF","Football Waiting GIF by OneFootball Heads","gif","2026-05-18T15:31:16+0000","183973"
"9bIcqjJn0WBjTCqQOT","Dance Football GIF by OneFootball Heads","gif","2026-03-26T22:31:56+0000","182364"
"V5xSpg6PoKMeC6mvhG","Stay Cool Chill GIF by OneFootball Heads","gif","2025-09-11T07:36:13+0000","181554"
"r1CQkqGt4aI7wr1Ohw","Celebrate World Cup GIF by OneFootball Heads","gif","2026-01-20T05:09:10+0000","180886"
"YfVEEx3kXDGBe8YKi8","Podcast Tune In GIF by OneFootball Heads","gif","2025-10-19T17:11:19+0000","180373"
"MODuEqgpv6IROKtJrO","Roblox GIF by OneFootball Heads","gif","2026-01-20T14:29:20+0000","179505"
"5grsDwlqX4kfy71Rdj","Shake Hands Yes GIF by OneFootball Heads","gif","2025-08-03T14:19:43+0000","178835"
"N4HpPRFRixdNxu1Fg8","Celebration Hype GIF by OneFootball Heads","gif","2025-09-11T07:36:29+0000","178277"
"X8U2NmVTuTntFxGesd","Football Fan Vacation GIF by OneFootball Heads","gif","2026-05-22T01:55:27+0000","176295"
"3v4WsAL4dC4aMtTKdU","Soccer Wow GIF by OneFootball Heads","gif","2025-07-01T18:20:41+0000","174910"
"AJYr4bWzAFjdGH9q0o","Lets Go Please GIF by OneFootball Heads","gif","2025-08-04T07:30:41+0000","172683"
"5NxsFyN2WM2HjI1BpK","Celebrate World Cup GIF by OneFootball Heads","gif","2026-01-20T05:08:25+0000","166881"
"7HumoY5K6oo1enpFWe","Easter Bunny Football GIF by OneFootball Heads","gif","2026-03-26T22:32:07+0000","164981"
"N8j7uvd3K7ewojOxxY","Accuse He Did It GIF by OneFootball Heads","gif","2025-08-03T14:20:55+0000","164191"
"Lg6tJBqeg7Z8iHTvJK","World Cup Football GIF by OneFootball Heads","gif","2026-06-18T12:49:20+0000","163457"
"zKf31joKvY23SQdSTF","I Love You Flower GIF by OneFootball Heads","gif","2026-01-20T14:29:56+0000","159822"
"QGy9WgPA5wdXUx7yKE","Nara Superfans GIF by OneFootball Heads","gif","2026-02-09T04:38:35+0000","159747"
"LUgxmNMnZ1OaYHqZGW","Tired Game Over GIF by OneFootball Heads","gif","2025-09-11T07:35:35+0000","159654"
"ej3ZCWbOwLxwRNC2Kg","Celebrate World Cup GIF by OneFootball Heads","gif","2026-01-20T05:09:28+0000","154221"
"xoGxhyhEQOp0jXphxx","World Cup Football GIF by OneFootball Heads","gif","2026-06-18T12:54:47+0000","153179"
"xd0DzHA90wF0QspRKE","World Cup Football GIF by OneFootball Heads","gif","2026-06-18T12:51:09+0000","152033"
"EMrPMmyufe1a1Tz1A5","Full Time Football GIF by OneFootball Heads","gif","2026-03-26T22:31:43+0000","150950"
"b40vcDOn7iizajr2oM","Football Fan Scout GIF by OneFootball Heads","gif","2026-05-22T01:53:30+0000","150637"
"ByodclSkYIdxh8KmGl","Work From Home Hello GIF by OneFootball Heads","gif","2025-09-11T07:33:51+0000","145871"
"0jVa8eudaK9tG5KOUh","Nervous World Cup GIF by OneFootball Heads","gif","2026-05-18T15:30:25+0000","145690"
"hb9nhr6m3rjQeRs9jp","Tired Game Over GIF by OneFootball Heads","gif","2025-09-11T07:33:45+0000","145604"
"QoVAe2QifgvhK2rnTG","Si Se Puede World Cup GIF by OneFootball Heads","gif","2026-06-18T12:51:49+0000","144445"
"no6Mm0U0L9Mv9tzvN9","Nara Superfans GIF by OneFootball Heads","gif","2026-02-09T04:37:27+0000","142803"
"Zfddxu8Y4dgWz6ABMI","Well Done Thumbs Up GIF by OneFootball Heads","gif","2025-10-19T17:10:56+0000","142094"
"lMtSWlhMBsTkmUot5s","April Fools Football GIF by OneFootball Heads","gif","2026-03-26T22:31:24+0000","141256"
"uejerzhWkT2nfV4ekh","Var Whistle GIF by OneFootball Heads","gif","2025-08-04T07:31:08+0000","140690"
"Xl33ygtw7ZElNbVTch","Celebrate World Cup GIF by OneFootball Heads","gif","2026-01-20T05:07:02+0000","140549"
"sKf6fbM0Fhn4keHMYX","Big Game Outta This World GIF by OneFootball Heads","gif","2025-09-11T07:35:57+0000","139548"
"8WBfBgNcz3Ep1OvSUC","Happy Fan Reaction GIF by OneFootball Heads","gif","2025-07-01T18:20:59+0000","138611"
"wMeQ3go50ahhciuZwK","Celebrate World Cup GIF by OneFootball Heads","gif","2026-01-20T05:01:55+0000","137079"
"pGYHslrw9ZTEMk9Sn2","World Cup Football GIF by OneFootball Heads","gif","2026-06-18T14:30:18+0000","134823"
"6guW2txh6RAr0RCnTP","April Fools Football GIF by OneFootball Heads","gif","2026-03-26T22:32:51+0000","132437"
"WhOTaSjCzQyMAMBn5v","Podcast Commentator GIF by OneFootball Heads","gif","2026-02-09T04:39:22+0000","131815"
"lGjWSowFgfSI3Q7CuM","World Cup Football GIF by OneFootball Heads","gif","2026-06-18T14:32:01+0000","131324"
"98ehMD8kX9bLkq9Gcw","Angry Watch Out GIF by OneFootball Heads","gif","2025-08-04T07:30:56+0000","129210"
"CPApJWHvsT3o5VuKVK","Football Fan Bubbles GIF by OneFootball Heads","gif","2025-09-11T07:35:22+0000","126211"
"w4nv4DunM9a4tOEi3Y","Excited Game Time GIF by OneFootball Heads","gif","2025-07-01T18:18:27+0000","124748"
"JGbVQO4No1vjY8SRwp","Soccer Warning GIF by OneFootball Heads","gif","2025-10-19T17:12:25+0000","123353"
"aZhAXcAN33Makb02CK","World Cup Football GIF by OneFootball Heads","gif","2026-06-18T12:52:12+0000","123312"
"R3h2NcJNbFNBpS4g6q","Out Of Office Season GIF by OneFootball Heads","gif","2026-05-22T01:54:10+0000","121676"
"pPqefCee0DWoNtfPaN","Final Match Kiss GIF by OneFootball Heads","gif","2025-07-01T18:19:20+0000","120183"
"6jMy4ML3746kQCwDNl","Tired Sleep Well GIF by OneFootball Heads","gif","2025-09-11T07:36:23+0000","119959"
"p6hxl3FX2QtPN1eWsj","World Cup Football GIF by OneFootball Heads","gif","2026-06-18T14:26:24+0000","119609"
"P4mW1PplxZFjLv81SQ","Happy We Got This GIF by OneFootball Heads","gif","2025-08-04T07:31:58+0000","118929"
"lHQGU1fP8dCpgZhRQ8","Sad Its Over GIF by OneFootball Heads","gif","2025-08-03T14:21:06+0000","118912"
"wvmHbFg1ExLSSKMaOD","World Cup Football GIF by OneFootball Heads","gif","2026-06-18T12:50:49+0000","118067"
"9HORd4teDGhOt46fEz","Youre Cute Love You GIF by OneFootball Heads","gif","2025-06-18T09:52:38+0000","117488"
"QytjwhKBE2ObyydwQb","Big Game Matchday GIF by OneFootball Heads","gif","2026-05-22T01:54:53+0000","116877"
"5ssoenGB420wQegvln","April Fools Football GIF by OneFootball Heads","gif","2026-03-26T22:31:30+0000","116055"
"X2tAL568gaKEgB9Anv","Football Popping In GIF by OneFootball Heads","gif","2025-07-01T18:19:43+0000","115765"
"jxA1BBEg6NzTQL7pvd","Football Love GIF by OneFootball Heads","gif","2026-05-18T15:30:43+0000","114062"
"SAyhOhXMo16hk1ceaB","Celebrate World Cup GIF by OneFootball Heads","gif","2026-01-20T05:10:45+0000","113700"
"qeTcrWW3wozMaIX6Af","Celebrate World Cup GIF by OneFootball Heads","gif","2026-01-20T05:04:05+0000","112556"
"nNlKQlqY4lK6qAxiQV","World Cup Football GIF by OneFootball Heads","gif","2026-06-18T16:10:03+0000","112169"
"1Brq4LvOtRMIBJQi4U","Bored Game Time GIF by OneFootball Heads","gif","2025-07-01T18:20:22+0000","109964"
"3Ej0FdtgfzHznxfoaW","Celebrate World Cup GIF by OneFootball Heads","gif","2026-01-20T05:01:48+0000","107749"
"nqEtJ6z9u3zHbdmFq9","Tired Barbecue GIF by OneFootball Heads","gif","2025-09-11T07:35:39+0000","107269"
"P6CpYQD8EQVdHmbBB7","Game Night Football GIF by OneFootball Heads","gif","2025-07-01T18:18:49+0000","107029"
"2KDnf1jZTUJlrrasTZ","Fifa Swirling GIF by OneFootball Heads","gif","2025-08-04T07:31:34+0000","104853"
"TnYyD0Y5gHcxxIs60O","Notes Notebook GIF by OneFootball Heads","gif","2025-10-23T09:21:45+0000","104840"
"An7uqeayxR5J8dKHu4","Level Up Football Meme GIF by OneFootball Heads","gif","2026-05-22T01:55:13+0000","104808"
"FS1BfSHSEcBM7oXgnd","OneFootball Heads GIF","gif","2025-06-13T19:24:38+0000","104691"
"xal2XkbIQo668lc27M","Goalkeeper Save GIF by OneFootball Heads","gif","2025-09-11T07:34:57+0000","100902"
"Xy1embN5dYLxDL7J1h","Ronaldo Flick GIF by OneFootball Heads","gif","2026-02-09T04:37:02+0000","98950"
"XCGc4SGOCWsIxXCteW","World Cup Football GIF by OneFootball Heads","gif","2026-06-18T12:58:42+0000","98409"
"0f7MezZNdfdf09G5MR","Keeper Penalty GIF by OneFootball Heads","gif","2026-02-09T04:36:58+0000","97890"
"mYNEpIFkBXXyA3E2SJ","World Cup Football GIF by OneFootball Heads","gif","2026-06-18T14:30:24+0000","96526"
"01gaL9yoKUBxA6lLSx","I Love You Flowers GIF by OneFootball Heads","gif","2026-01-20T14:29:35+0000","96132"
"maNlF3eSXasPrO4QdO","Time Out Football GIF by OneFootball Heads","gif","2026-03-26T22:33:20+0000","95810"
"ew2RAEkOVb0O643Wtj","Good Vibes Dancing GIF by OneFootball Heads","gif","2025-09-11T07:34:53+0000","95189"
"3DDxEpa9LhhPXbXpoY","Celebrate World Cup GIF by OneFootball Heads","gif","2026-01-20T05:10:59+0000","94881"
"ArFOjTGDqq45OKCAo4","Breathe Slow Down GIF by OneFootball Heads","gif","2025-07-01T18:21:10+0000","93318"
"PictPG2QUCZqYQ7QJm","Celebrate World Cup GIF by OneFootball Heads","gif","2026-01-20T05:09:19+0000","93220"
"ncRqGV6vGvUMh7oR7x","World Cup Football GIF by OneFootball Heads","gif","2026-06-18T12:53:56+0000","92006"
"BjiE1R8mHXxYRRhY0m","Work From Home Swag GIF by OneFootball Heads","gif","2025-09-11T07:36:02+0000","91817"
"eGITs6JOnYa9vtjIwc","World Cup Football GIF by OneFootball Heads","gif","2026-06-18T12:50:26+0000","91064"
"gWRf9HI5C42rN1HirJ","World Cup Football GIF by OneFootball Heads","gif","2026-06-18T12:54:53+0000","90711"
"ymR0THwsC0ryufBoCC","World Cup Football GIF by OneFootball Heads","gif","2026-06-18T13:00:11+0000","90509"
"vtBtvkJFk09naDtqBk","Football Frown GIF by OneFootball Heads","gif","2026-03-26T22:33:09+0000","90323"
"5DIPupkmxQqmITQtN1","World Cup Football GIF by OneFootball Heads","gif","2026-06-18T14:33:30+0000","90229"
"jzppiGwPog15PVElfH","Good Vibes Chill GIF by OneFootball Heads","gif","2025-06-20T13:20:30+0000","89774"
"PAHScnX9IEczmvTWFx","Locked In Running GIF by OneFootball Heads","gif","2025-09-11T07:35:53+0000","88995"
"pPGGvsQjn9xJb55F8i","Hat Trick Football GIF by OneFootball Heads","gif","2026-03-26T22:32:23+0000","87586"
"gmEnnJ3Cj1fBPirnyp","World Cup Football GIF by OneFootball Heads","gif","2026-06-18T14:33:25+0000","87565"
"v5PJmNVxWOTTThmnQg","Excited World Cup GIF by OneFootball Heads","gif","2026-05-18T15:30:00+0000","87499"
"8rDd90ItBDko5IMjqu","Celebrating Game Time GIF by OneFootball Heads","gif","2025-09-11T07:35:26+0000","87343"
"KcWVxQd0HvsbqguiXS","France Football GIF by OneFootball Heads","gif","2026-06-18T14:29:04+0000","85755"
"MgeNDcgT4gXYn338jR","Happy Birthday Gift GIF by OneFootball Heads","gif","2026-02-09T04:36:43+0000","85409"
"unRjgoWoUAFhPVQLY9","Support Love GIF by OneFootball Heads","gif","2025-10-19T17:09:56+0000","85361"
"zdfDUrgmjZWA1HNsfu","Celebrate France GIF by OneFootball Heads","gif","2026-01-20T05:04:27+0000","85053"
"tA9rysiKx5ifhNfO2T","Halloween Smile GIF by OneFootball Heads","gif","2025-10-19T17:10:06+0000","84496"
"4agkjC6mUqzk4Ij9jS","Shocked No Way GIF by OneFootball Heads","gif","2025-08-04T07:32:28+0000","83144"
"Z43RfKcmhr06OQ5ae2","Easter Eggs Football GIF by OneFootball Heads","gif","2026-03-26T22:32:01+0000","82875"
"LIqRddsJ488WR7JkgG","World Cup Football GIF by OneFootball Heads","gif","2026-06-18T12:50:14+0000","82451"
"IXMc63EIZGgNlNQNZD","Celebrate World Cup GIF by OneFootball Heads","gif","2026-01-20T05:03:10+0000","81638"
"bff86XIkSNuway0pUU","World Cup Football GIF by OneFootball Heads","gif","2026-06-18T12:54:16+0000","80392"
"XjiCTell4KeSfAqaQZ","Celebrate World Cup GIF by OneFootball Heads","gif","2026-01-20T05:10:20+0000","79584"
"1L3Mvo7LQ6VfgJJT6I","World Cup Football GIF by OneFootball Heads","gif","2026-06-18T14:27:35+0000","79449"
"NFlNPPsEU6FSGuOk3e","World Cup Football GIF by OneFootball Heads","gif","2026-06-18T12:51:43+0000","78559"
"a8ZxCyyxdwfSsqTwsL","World Cup Football GIF by OneFootball Heads","gif","2026-06-18T12:56:54+0000","78186"
"VWeSrHKWQs9WHgEkvh","Well Done Yes GIF by OneFootball Heads","gif","2025-10-19T17:12:07+0000","78161"
"tMZ7ky54PGeypqgalT","Surprise Represent GIF by OneFootball Heads","gif","2025-10-19T17:11:33+0000","78066"
"2fR6fBgW6BZU1CPIqG","Easter Bunny Football GIF by OneFootball Heads","gif","2026-03-26T22:32:11+0000","77905"
"shE8kiyTqgMBGFmkLs","April Fools Football GIF by OneFootball Heads","gif","2026-03-26T22:31:34+0000","75912"
"QMj3VgVVShzZkjSxTd","Jack O Lantern Fun GIF by OneFootball Heads","gif","2025-10-19T17:11:58+0000","75542"
"XQGaZGKKKFL5DGdt4Y","Vamos Argentina World Cup GIF by OneFootball Heads","gif","2026-06-18T12:49:31+0000","75147"
"QIpziLuXhTywLdbIkQ","Happy We Did It GIF by OneFootball Heads","gif","2025-08-03T14:20:25+0000","74959"
"fAP7QAJ1xFD6JTFM1e","Celebration Wow GIF by OneFootball Heads","gif","2025-08-04T07:32:11+0000","74449"
"SglBDgyXDRttbNrLM2","Soccer Warning GIF by OneFootball Heads","gif","2025-10-19T17:11:43+0000","73973"
"ptWaTNOtCbJyFoPOsI","Run Fall Over GIF by OneFootball Heads","gif","2026-02-09T04:38:20+0000","73503"
"9h1jNCrbYXENVlj1FP","Happy Game Day GIF by OneFootball Heads","gif","2025-09-11T07:34:45+0000","72555"
"jRRG7jt2Js6MacrDGd","Celebrate France GIF by OneFootball Heads","gif","2026-01-20T05:04:19+0000","72535"
"QyRWxP3YleogvGmo01","Jack O Lantern Smile GIF by OneFootball Heads","gif","2025-10-19T17:09:12+0000","72420"
"BG3Zejm7Xdx6wWUf1s","Cant Believe It No Way GIF by OneFootball Heads","gif","2025-08-04T07:31:12+0000","71220"
"XIxeCLHT9zVohiL4T9","World Cup Football GIF by OneFootball Heads","gif","2026-06-18T14:25:35+0000","68967"
"m6Ldp765JS1TOc1epw","Celebrate World Cup GIF by OneFootball Heads","gif","2026-01-20T05:06:48+0000","68560"
"WxxWLGWv6UUZdsT2lS","World Cup Football GIF by OneFootball Heads","gif","2026-06-18T12:56:07+0000","68195"
"GGxYV9J86hAuLOftmX","World Cup Football GIF by OneFootball Heads","gif","2026-06-18T12:59:35+0000","67388"
"1XZi1EWSQLY3rMU5hb","Around The World Football Culture GIF by OneFootball Heads","gif","2025-09-11T07:35:09+0000","66733"
"LOVAgqCndxbF0yVSvH","Red Flag Toxic Relationship GIF by OneFootball Heads","gif","2026-02-09T04:38:16+0000","65927"
"fJ9p947OpjYoUJv4pq","Pumpkin Spice Halloween GIF by OneFootball Heads","gif","2025-10-19T17:11:13+0000","65924"
"kkOOWhftIUKH1gRFI3","Hype Celebrate GIF by OneFootball Heads","gif","2025-10-23T09:22:13+0000","65340"
"BAvIhFpn2zXzDlaAKV","World Cup Football GIF by OneFootball Heads","gif","2026-06-18T16:14:21+0000","64540"
"Gs7S4vm03HWudtCUxT","World Cup Football GIF by OneFootball Heads","gif","2026-06-18T12:57:56+0000","63710"
"yK7UnYilNJehrLYsIm","World Cup Football GIF by OneFootball Heads","gif","2026-06-18T12:54:59+0000","63455"
"x7ukpMi4J3VotdbBxy","Celebrate World Cup GIF by OneFootball Heads","gif","2026-01-20T05:01:24+0000","62874"
"mruAYNxpRfWT7zWOVa","World Cup Football GIF by OneFootball Heads","gif","2026-06-18T12:52:04+0000","62656"
"VTG38I0RqkksEgqTdJ","Celebrate World Cup GIF by OneFootball Heads","gif","2026-01-20T05:07:31+0000","62176"
"R4K3oSgQ7goRV5dQW2","Celebrate World Cup GIF by OneFootball Heads","gif","2026-01-20T05:08:49+0000","61774"
"tZ7DeEmaE9nn2rqcF3","World Cup Football GIF by OneFootball Heads","gif","2026-06-18T12:49:36+0000","61405"
"8Ju2XpAU8kax6RU9pd","Digital Art Crypto GIF by OneFootball Heads","gif","2026-05-18T15:31:09+0000","61199"
"mLYuk0RvMxWAISGnCA","Celebrate World Cup GIF by OneFootball Heads","gif","2026-01-20T05:11:22+0000","60577"
"99L1Ri4cmx4aZ82imT","World Cup Football GIF by OneFootball Heads","gif","2026-06-18T12:58:52+0000","60476"
"TL448BG9MrQXfVRka2","Happy Good Vibes GIF by OneFootball Heads","gif","2026-05-18T15:30:36+0000","60452"
"Smkq4gh20rTCo9XA5K","Football Celebration Superfans GIF by OneFootball Heads","gif","2025-10-23T09:22:01+0000","58742"
"MU4wAQ5AZqlBJTyGFw","Celebrate World Cup GIF by OneFootball Heads","gif","2026-01-20T05:07:16+0000","58513"
"bfb6MDov8wj5qopEZC","Sad Sorry GIF by OneFootball Heads","gif","2026-02-09T04:37:19+0000","58418"
"XR7PHHrmVHtqEK1gol","World Cup Football GIF by OneFootball Heads","gif","2026-06-18T12:53:40+0000","58078"
"vXbH7KQWGqNe9heXju","Excited Soccer GIF by OneFootball Heads","gif","2025-07-01T18:19:09+0000","57747"
"KPVPfTOGhR4ZDXsBWA","Angry Football Fan GIF by OneFootball Heads","gif","2025-07-01T18:18:10+0000","57435"
"YoWUM76JMiAUKm9ggl","Good Vibes Thank You GIF by OneFootball Heads","gif","2025-08-03T14:19:59+0000","57357"
"hUgUnBmpjUXA8w2eBC","World Cup Football GIF by OneFootball Heads","gif","2026-06-18T12:54:32+0000","56690"
"592ZMrdelj8j8DlQ2w","Football Fan Summer GIF by OneFootball Heads","gif","2026-05-22T01:54:17+0000","56370"
"tG40NFJ94fjjn3vRXR","World Cup Football GIF by OneFootball Heads","gif","2026-06-18T12:58:01+0000","56027"
"PJDjRlqkTOWG8CAWNa","World Cup Football GIF by OneFootball Heads","gif","2026-06-18T12:56:48+0000","55960"
"6qI2NYWngdAxxVX1zJ","Good Vibes Thank You GIF by OneFootball Heads","gif","2025-08-03T14:19:54+0000","55479"
"cfLHHFi62dBMYsloN7","Shocked Whats That GIF by OneFootball Heads","gif","2026-02-09T04:38:50+0000","55075"
"TFVI6cSKjVwPaqZVKR","Football Fan Celebration GIF by OneFootball Heads","gif","2025-10-19T17:11:06+0000","54976"
"TCYSBvF1McWeOViTdS","World Cup Football GIF by OneFootball Heads","gif","2026-06-18T14:31:23+0000","54578"
"6Zo8j3dDBwQsYvhISc","Pizza Time Eating GIF by OneFootball Heads","gif","2025-08-04T07:31:24+0000","54491"
"aow0lDW9gAStommdsS","World Cup Football GIF by OneFootball Heads","gif","2026-06-18T14:27:13+0000","54292"
"5Cniu3sjAb3IHZD5Bh","World Cup Football GIF by OneFootball Heads","gif","2026-06-18T14:30:47+0000","54084"
"w59SdHiwZO84yaEl4U","World Cup Football GIF by OneFootball Heads","gif","2026-06-18T14:33:43+0000","54082"
"O2iEG5r6EhWWPVCIMl","World Cup Football GIF by OneFootball Heads","gif","2026-06-18T14:29:49+0000","53218"
"PlShyiN5tlquexvBB2","Celebrate World Cup GIF by OneFootball Heads","gif","2026-01-20T05:02:34+0000","53104"
"XCB5P8yCHz9CiAl41q","I Love You Couple GIF by OneFootball Heads","gif","2026-01-20T14:30:19+0000","52620"
"XzFg2ZpcLiS4s3N1KC","Football Winning GIF by OneFootball Heads","gif","2026-05-18T05:04:51+0000","51886"
"NZNjSEXDfUQbmupjJW","World Cup Football GIF by OneFootball Heads","gif","2026-06-18T12:56:59+0000","51829"
"T0MPbboDiC4fnKtpKF","World Cup Football GIF by OneFootball Heads","gif","2026-06-18T12:58:48+0000","51772"
"NU5arjj8ut7RpNelJ9","World Cup Football GIF by OneFootball Heads","gif","2026-06-18T16:14:32+0000","51575"
"EbEX6H0ZYbCTI9nI25","Sad Mistake GIF by OneFootball Heads","gif","2026-02-09T04:37:13+0000","50898"
"WxKKJGKsUUWPJgkf4N","World Cup Football GIF by OneFootball Heads","gif","2026-06-18T12:56:13+0000","50876"
"GT9cgAAAtfM5JgcZpQ","I Love You Flowers GIF by OneFootball Heads","gif","2026-01-20T14:29:46+0000","50668"
"7t1kN8b7GyZljUC36u","Football Fan Wow GIF by OneFootball Heads","gif","2025-09-11T07:35:16+0000","49750"
"nRd5z0hIeY7xQz1yai","World Cup Football GIF by OneFootball Heads","gif","2026-06-18T14:33:19+0000","49644"
"JfqESuqy1kOf3HTr8Y","Frustration Swirling GIF by OneFootball Heads","gif","2025-08-04T07:31:39+0000","49099"
"StRtbzWfsgs33wpW3M","Excited Team Spirit GIF by OneFootball Heads","gif","2025-10-19T17:09:19+0000","48675"
"a3sOeDI1ZuE2UEGEjr","Happy Football GIF by OneFootball Heads","gif","2025-07-01T18:18:18+0000","48414"
"RJZFIKDrvM9UVstlHg","World Cup Football GIF by OneFootball Heads","gif","2026-06-18T12:49:42+0000","48091"
"ZUtSEAyBuCcewmA29F","Champions League Celebration GIF by OneFootball Heads","gif","2025-08-04T07:30:36+0000","47871"
"ZEleEa4pY0l7ufKnSY","Hat Trick Football GIF by OneFootball Heads","gif","2026-03-26T22:32:31+0000","46961"
"HBz4ZFEBOWzRdBO70e","World Cup Football GIF by OneFootball Heads","gif","2026-06-18T14:30:00+0000","46801"
"N6xT6C3SVJJSwH8Mgl","Celebrate World Cup GIF by OneFootball Heads","gif","2026-01-20T05:06:08+0000","46748"
"tsiV9e5BNYJs9N63xu","World Cup Football GIF by OneFootball Heads","gif","2026-06-18T12:58:25+0000","46558"
"dCqQrUmPgICwfSYzgi","Well Done Yes GIF by OneFootball Heads","gif","2025-06-18T09:53:22+0000","46496"
"RKSWD89SckpaCkF7lB","World Cup Waiting GIF by OneFootball Heads","gif","2026-05-18T15:30:11+0000","45848"
"QU3jtBvOsGT110czty","Celebrate World Cup GIF by OneFootball Heads","gif","2026-01-20T05:01:42+0000","45687"
"YIVMHeeUzrNYt7qSqJ","World Cup Football GIF by OneFootball Heads","gif","2026-06-18T14:33:01+0000","45605"
"MZExsocb7ggfMPqiBk","Football Soccer GIF by OneFootball Heads","gif","2026-03-26T22:31:48+0000","45493"
"MrHh6mgOcdoAAO4tz0","Football Player Running GIF by OneFootball Heads","gif","2025-09-11T07:35:01+0000","44369"
"YRgKKGuDWNqdVKUsJK","World Cup Football GIF by OneFootball Heads","gif","2026-06-18T12:59:29+0000","44310"
"0rAnJ9bILAp2bIGcpT","Celebrate World Cup GIF by OneFootball Heads","gif","2026-01-20T05:08:55+0000","44119"
"JcOB2VB2OeXB5ExpHH","Gerald Calm Down GIF by OneFootball Heads","gif","2025-10-31T03:54:48+0000","42850"
"VaSaGr35NjXb2lexto","World Cup Football GIF by OneFootball Heads","gif","2026-06-18T14:31:56+0000","42799"
"JhkFcH98uvMrnDgmn6","Sarcastic Football Fan GIF by OneFootball Heads","gif","2026-05-22T01:53:22+0000","42649"
"vnuMwvlswGMW38poq2","Celebrate World Cup GIF by OneFootball Heads","gif","2026-01-20T05:00:42+0000","42314"
"Jzp6EmR66Abn9ExWls","Football Fan Transfer GIF by OneFootball Heads","gif","2026-05-22T01:54:39+0000","42121"
"Foo1QLxlFskrsgYXD8","World Cup Football GIF by OneFootball Heads","gif","2026-06-18T12:52:25+0000","42106"
"aW3mqoINZ433Rj4TMz","Happy Green Flag GIF by OneFootball Heads","gif","2026-02-09T04:37:08+0000","42056"
"z2RmddzZET8w5zZtyb","World Cup Football GIF by OneFootball Heads","gif","2026-06-18T14:28:59+0000","41542"
"5bLSkn2OEV2LU4IPHI","World Cup Football GIF by OneFootball Heads","gif","2026-06-18T12:56:42+0000","40934"
"RUcKKOR9LAGm3Sy9CY","World Cup Football GIF by OneFootball Heads","gif","2026-06-18T14:25:06+0000","40425"
"IvciiQcSOnH7gFlwnK","World Cup Football GIF by OneFootball Heads","gif","2026-06-18T12:54:11+0000","39880"
"mp178ZHLC4sHfOgO12","Excited Good Vibes GIF by OneFootball Heads","gif","2025-09-11T07:34:34+0000","39112"
"9IwfTwulCPEiDADHzx","World Cup Football GIF by OneFootball Heads","gif","2026-06-18T14:26:49+0000","38821"
"ZeK2ek6RtyEL73iY0B","World Cup Football GIF by OneFootball Heads","gif","2026-06-18T12:54:20+0000","38096"
"WCIkiuYpS3S6XKV8Rn","Cope Football Fan GIF by OneFootball Heads","gif","2026-05-22T01:55:00+0000","37923"
"7rJDG9tWHp7KA9rDDq","Celebrate World Cup GIF by OneFootball Heads","gif","2026-01-20T05:10:15+0000","37857"
"j70G4xGbIAyl69HjSG","World Cup Football GIF by OneFootball Heads","gif","2026-06-18T14:25:47+0000","37810"
"A2z7pVURqwz3BlQdQp","World Cup Football GIF by OneFootball Heads","gif","2026-06-18T14:29:43+0000","37769"
"2XhJxylc2hyATdyLCy","World Cup Football GIF by OneFootball Heads","gif","2026-06-18T12:57:05+0000","37596"
"dxie0mdUARIwhn2yee","Champions League Uefa GIF by OneFootball Heads","gif","2026-05-22T01:53:01+0000","36661"
"FzxAj0hfgyAdsW40AC","Lets Go Success GIF by OneFootball Heads","gif","2025-06-18T09:50:27+0000","36380"
"CaEoDtcNHxY0y3Ll4k","Valentines Day GIF by OneFootball Heads","gif","2026-01-20T14:30:02+0000","35827"
"NCXTJOeB6clLl1XIHm","Frustrated Football Fan GIF by OneFootball Heads","gif","2026-05-18T15:30:18+0000","35763"
"ywVDodGGYpgsU7vb0Q","World Cup Football GIF by OneFootball Heads","gif","2026-06-18T12:50:20+0000","35311"
"9F3kTka3lWs1MoyUW4","World Cup Football GIF by OneFootball Heads","gif","2026-06-18T12:54:03+0000","35022"
"LM6727wPq5tzhvVLMJ","World Cup Football GIF by OneFootball Heads","gif","2026-06-18T12:49:48+0000","34896"
"BCu7HM8TzjOxYRWxCB","Pumpkin Spice Smile GIF by OneFootball Heads","gif","2025-10-19T17:11:50+0000","34856"
"pUCY24xEv3FuNvWA54","Happy Football GIF by OneFootball Heads","gif","2026-02-09T04:36:54+0000","34734"
"J3HhbqcC2mKM6eetbu","World Cup Football GIF by OneFootball Heads","gif","2026-06-18T12:54:42+0000","34563"
"DGjlGcceVl5RDQC6v7","Football Podcast GIF by OneFootball Heads","gif","2026-02-09T04:39:16+0000","34134"
"RlkKf5MBzEjqzqN3Pt","Excited Crypto GIF by OneFootball Heads","gif","2026-05-18T15:30:57+0000","33950"
"2XtaKuSyUmADvFNWeB","Lets Go Please GIF by OneFootball Heads","gif","2025-08-04T07:30:47+0000","33841"
"29Z7C8nHD9ijZuMqTV","World Cup Football GIF by OneFootball Heads","gif","2026-06-18T14:26:43+0000","33780"
"QTRlMVKXeT15fGVLbk","World Cup Football GIF by OneFootball Heads","gif","2026-06-18T16:14:10+0000","33732"
"WDTFmWErrBo9vvuMJ5","World Cup Football GIF by OneFootball Heads","gif","2026-07-05T10:19:24+0000","33537"
"fsCP6Oda0qmhcNPKE1","Tag4 Tag5 GIF by OneFootball Heads","gif","2026-05-18T05:09:54+0000","33073"
"wdwglOfifi6NYq9tjO","World Cup Football GIF by OneFootball Heads","gif","2026-06-18T12:49:26+0000","32611"
"kfjRVgBKSfpje8yaL1","World Cup Football GIF by OneFootball Heads","gif","2026-06-18T16:13:14+0000","32550"
"2FbqKii3sahcmtOgU2","Opening Day Hype GIF by OneFootball Heads","gif","2026-05-22T01:54:23+0000","32501"
"DArpiMDTC0np9ytWe8","World Cup Football GIF by OneFootball Heads","gif","2026-06-18T12:54:37+0000","31935"
"Ksyo02KzynpxSGIdiu","World Cup Football GIF by OneFootball Heads","gif","2026-06-18T12:51:19+0000","31485"
"kIF7T5i5o9pEglhEHa","Celebrate World Cup GIF by OneFootball Heads","gif","2026-01-20T05:01:37+0000","31461"
"kmGi3ucTvgLv6pA7rE","World Cup Football GIF by OneFootball Heads","gif","2026-06-18T14:28:23+0000","30883"
"lDvigQV6SivDb1PP17","World Cup Football GIF by OneFootball Heads","gif","2026-06-18T12:57:51+0000","30696"
"M466iBsWoTlNojJbyk","World Cup Football GIF by OneFootball Heads","gif","2026-06-18T12:51:23+0000","30639"
"1qJHVFYH15SpmhSykp","Believe World Cup GIF by OneFootball Heads","gif","2026-06-18T16:10:14+0000","30470"
"D41XyjutopurXno57q","World Cup Football GIF by OneFootball Heads","gif","2026-06-18T14:27:24+0000","29535"
"UwKnpGaeFmihxIEt4Z","World Cup Football GIF by OneFootball Heads","gif","2026-06-18T12:57:38+0000","29149"
"d07pfKl4LYFx9eOGnG","World Cup Football GIF by OneFootball Heads","gif","2026-06-18T16:14:50+0000","28425"
"Do7K8nCJQrwf7gsrRm","World Cup Football GIF by OneFootball Heads","gif","2026-06-18T16:14:56+0000","27026"
"E7J4gMgNzH8P5fJIir","Excuse Me What GIF by OneFootball Heads","gif","2025-08-04T07:32:23+0000","26993"
"V65BD1iwdbErs5NDw7","World Cup Football GIF by OneFootball Heads","gif","2026-06-18T14:28:41+0000","26723"
"dRdbbodInaw9ngy2et","World Cup Football GIF by OneFootball Heads","gif","2026-06-18T14:32:18+0000","26499"
"Ei2OUMXIhbpl8zcg07","World Cup Football GIF by OneFootball Heads","gif","2026-06-18T12:50:37+0000","25999"
"IbdIiqy5nHTtHJKeuA","World Cup Football GIF by OneFootball Heads","gif","2026-06-18T16:13:26+0000","25899"
"qvGvze34SYzFy0IOjo","World Cup Football GIF by OneFootball Heads","gif","2026-06-18T14:25:41+0000","25895"
"znORHj4fd8MAN7gbLr","Excuse Me What GIF by OneFootball Heads","gif","2025-08-04T07:32:18+0000","25888"
"51xCLRv58gqjYM63YV","World Cup Football GIF by OneFootball Heads","gif","2026-06-18T16:13:32+0000","25887"
"NKb9LW9MrxO48Cd9Mu","Not Funny Football GIF by OneFootball Heads","gif","2026-03-26T22:32:55+0000","25724"
"8HsLMUNvbQnVzLWcty","World Cup Football GIF by OneFootball Heads","gif","2026-06-18T16:13:08+0000","25666"
"1knediJpPduWeBBS7N","World Cup Football GIF by OneFootball Heads","gif","2026-06-18T12:50:32+0000","25620"
"FXlBfysZeccejSPXLN","World Cup Football GIF by OneFootball Heads","gif","2026-06-18T14:25:54+0000","25604"
"HeFCcdgF37XybNbJM1","World Cup Football GIF by OneFootball Heads","gif","2026-06-18T12:53:35+0000","25397"
"lUrvU5C0ui1UixvK9l","World Cup Football GIF by OneFootball Heads","gif","2026-06-18T16:13:20+0000","25389"
"ZIv6jXtuNWmqe8i4d8","Celebrate World Cup GIF by OneFootball Heads","gif","2026-01-20T05:09:53+0000","25376"
"U6zenm1kWFjycNTkdz","France Football GIF by OneFootball Heads","gif","2026-06-18T14:28:47+0000","25201"
"zSoJATxvNy74D0WE4l","World Cup Football GIF by OneFootball Heads","gif","2026-06-18T12:58:36+0000","25193"
"DBNUsVBmNhdqMaetuc","Champions League Knockout GIF by OneFootball Heads","gif","2026-05-22T01:53:08+0000","25124"
"65WZEH3DbzTOskjZ9F","World Cup Football GIF by OneFootball Heads","gif","2026-06-18T16:14:38+0000","25057"
"uCLrRaHsmPHmSNVkY8","World Cup Football GIF by OneFootball Heads","gif","2026-06-18T12:58:30+0000","25010"
"6nsJtjKzfX0DYG6Fg8","World Cup Football GIF by OneFootball Heads","gif","2026-06-18T12:57:47+0000","24854"
"YeGuStp7fomlR6Gj8o","World Cup Football GIF by OneFootball Heads","gif","2026-06-18T16:10:55+0000","24690"
"Y88yhiJDH6tRpPaQ9Y","Celebrate World Cup GIF by OneFootball Heads","gif","2026-01-20T05:01:32+0000","23971"
"EsTiklBWYzosIzPluo","World Cup Football GIF by OneFootball Heads","gif","2026-06-18T12:51:14+0000","23830"
"9C0eEDiObWC3COXjXj","No Way What GIF by OneFootball Heads","gif","2025-08-04T07:31:18+0000","23391"
"1d6N0pb13wv2X6Qqhh","World Cup Football GIF by OneFootball Heads","gif","2026-06-18T16:11:14+0000","22708"
"BEH8snVdAHDiqrRvhv","World Cup Football GIF by OneFootball Heads","gif","2026-06-18T14:29:54+0000","22615"
"oEK27lR1AH4L1uw531","Fantasy Football GIF by OneFootball Heads","gif","2026-05-18T05:04:57+0000","22499"
"xD1vpKInrkzJ3Fxael","Space Time GIF by OneFootball Heads","gif","2026-02-09T04:39:28+0000","22388"
"UR5a8u78Xa7VdtyJIS","World Cup Football GIF by OneFootball Heads","gif","2026-06-18T14:26:56+0000","22275"
"Jj6MUSSOBIS7iy4cHl","World Cup Football GIF by OneFootball Heads","gif","2026-06-18T14:28:04+0000","22005"
"z3cQyCScaa6eQAPGxM","World Cup Football GIF by OneFootball Heads","gif","2026-06-18T12:53:25+0000","21913"
"9YVJ3QFI0T2T1huuOt","World Cup Football GIF by OneFootball Heads","gif","2026-06-18T12:51:29+0000","21828"
"yiNGJnacgioeujOFDw","France Football GIF by OneFootball Heads","gif","2026-06-18T14:25:24+0000","21705"
"4I8DiIUSUnnTBauMmF","World Cup Football GIF by OneFootball Heads","gif","2026-06-18T14:30:30+0000","21694"
"Zw9IYZoi4lR40x6kOh","World Cup Football GIF by OneFootball Heads","gif","2026-06-18T14:25:59+0000","21682"
"VErfqZkulaxhehX9uN","Lets Go Football GIF by OneFootball Heads","gif","2025-07-01T18:19:26+0000","21549"
"hvHkkgdpNyYBCNwWii","World Cup Football GIF by OneFootball Heads","gif","2026-06-18T12:59:17+0000","21418"
"XYiDNupHyw1MaXyFbY","World Cup Football GIF by OneFootball Heads","gif","2026-06-18T14:32:24+0000","21409"
"hwIq8i6Qi7UnUGbacf","Angry Game Time GIF by OneFootball Heads","gif","2025-07-01T18:18:01+0000","21211"
"kg7ti21Zmn5y1AtniN","World Cup Football GIF by OneFootball Heads","gif","2026-06-18T12:53:46+0000","21095"
"X4AaDMS42L6wqp9I4S","Celebrate World Cup GIF by OneFootball Heads","gif","2026-01-20T05:02:48+0000","21082"
"GMsykn2kFJhMIBPMb9","World Cup Football GIF by OneFootball Heads","gif","2026-06-18T14:28:53+0000","20986"
"33ZJlVdrJfJqeZ8YAd","World Cup Football GIF by OneFootball Heads","gif","2026-06-18T14:30:12+0000","20969"
"0OVzKdoHvIwJL7RduN","World Cup Football GIF by OneFootball Heads","gif","2026-06-18T14:32:55+0000","20265"
"fkhqUwfGzSYOrSTJp9","Excited Lets Go GIF by OneFootball Heads","gif","2025-08-03T14:20:16+0000","20231"
"sT7JTqgV96345rxK6n","Nervous Football GIF by OneFootball Heads","gif","2026-05-18T05:05:03+0000","19986"
"IipkQotlmo8Sh1ABvk","Valentines Day Love GIF by OneFootball Heads","gif","2026-01-20T14:30:08+0000","19760"
"hftSnrV7jiNn6MkQk4","France Football GIF by OneFootball Heads","gif","2026-06-18T14:31:49+0000","19759"
"oVgehCwEPrMbYJAeuH","France Football GIF by OneFootball Heads","gif","2026-06-18T14:32:30+0000","19533"
"l5ZWNLnfskv9LTE03S","World Cup Football GIF by OneFootball Heads","gif","2026-06-18T12:59:41+0000","19422"
"PdVb9g4MVTNgQ2OL26","World Cup Football GIF by OneFootball Heads","gif","2026-06-18T16:14:27+0000","19369"
"QgBxz4jlNWpq4U0VBL","France Football GIF by OneFootball Heads","gif","2026-06-18T12:52:37+0000","19251"
"zkn7BLV7uUc5Orkzzr","Happy Football GIF by OneFootball Heads","gif","2026-07-06T16:44:16+0000","19219"
"HviuxhG9WFXzbBpjJe","World Cup Football GIF by OneFootball Heads","gif","2026-06-18T14:26:13+0000","19218"
"c14InbFxtr5gAFCZfy","World Cup Football GIF by OneFootball Heads","gif","2026-06-18T14:29:24+0000","19055"
"iVj1jzisyn9qoy0HwT","World Cup Football GIF by OneFootball Heads","gif","2026-07-05T10:13:54+0000","18898"
"gMAqaGlYLH1LnHhSQu","World Cup Football GIF by OneFootball Heads","gif","2026-06-18T12:53:51+0000","18873"
"JkGNpFYB3cY7FHn9sx","Champions League Vibes GIF by OneFootball Heads","gif","2026-05-22T01:53:15+0000","18832"
"aA455rZHUzTePr7fRv","Happy Holidays GIF by OneFootball Heads","gif","2026-02-09T04:38:11+0000","18793"
"SQwDBfwWSCoRe4PcNJ","World Cup Football GIF by OneFootball Heads","gif","2026-06-18T12:57:43+0000","18550"
"xQNauBqQ1WrqCAPuRE","World Cup Football GIF by OneFootball Heads","gif","2026-06-18T14:28:16+0000","18430"
"e0tqAwofWcxXx9iIN2","World Cup Football GIF by OneFootball Heads","gif","2026-07-05T10:15:58+0000","18303"
"JbyrV7bzRuZeOpzb30","World Cup Football GIF by OneFootball Heads","gif","2026-06-18T16:15:03+0000","18296"
"U2RkG4c7Vpaz9UnSuZ","World Cup Football GIF by OneFootball Heads","gif","2026-06-18T14:29:36+0000","17964"
"KB4yS05ErAJldfsNj8","World Cup Football GIF by OneFootball Heads","gif","2026-06-18T16:11:21+0000","17888"
"go703FNMkaozEq7tqJ","World Cup Football GIF by OneFootball Heads","gif","2026-07-06T16:43:55+0000","17887"
"M3DQRSj2ZR4BSXZMlX","World Cup Football GIF by OneFootball Heads","gif","2026-06-18T14:27:46+0000","17613"
"cxkFjp3QZGzSh1Iyxz","World Cup Football GIF by OneFootball Heads","gif","2026-07-05T10:10:26+0000","17275"
"d6ZMxXqdHwzsYsjIfP","World Cup Football GIF by OneFootball Heads","gif","2026-06-18T12:51:54+0000","17256"
"3So6FuGb7wVk14P481","Happy Holidays GIF by OneFootball Heads","gif","2026-02-09T04:39:11+0000","17189"
"KyUIjPQuLolO6vfaFD","World Cup Football GIF by OneFootball Heads","gif","2026-07-05T10:16:30+0000","17045"
"rqRCINmIhqekY7cxwt","World Cup Football GIF by OneFootball Heads","gif","2026-07-05T10:16:13+0000","16629"
"0citpjho00ObF3pMEm","World Cup Football GIF by OneFootball Heads","gif","2026-06-18T16:14:16+0000","16508"
"sgLnfOIYS7BUIHXUxC","World Cup Football GIF by OneFootball Heads","gif","2026-06-18T12:59:23+0000","16487"
"nfDB8cFWhS4Dee2sgL","France Football GIF by OneFootball Heads","gif","2026-06-18T14:25:29+0000","16447"
"RYjyZx74LQ511YUxgW","World Cup Football GIF by OneFootball Heads","gif","2026-06-18T14:30:06+0000","16044"
"x3LVct059nDJWWHnBs","World Cup Football GIF by OneFootball Heads","gif","2026-06-18T12:55:04+0000","16043"
"x6u2P1xWEqpnimsun6","World Cup Football GIF by OneFootball Heads","gif","2026-06-18T12:57:22+0000","15961"
"4QXKOejCxZAOvUfjxZ","World Cup Football GIF by OneFootball Heads","gif","2026-06-18T14:26:30+0000","15832"
"tUcJ0CqH4BsIKAIDrB","Germany Football GIF by OneFootball Heads","gif","2026-06-18T12:53:00+0000","15585"
"W2qRsuV2W45gij9eyQ","Spotlight Beacon GIF by OneFootball Heads","gif","2026-02-05T11:03:35+0000","15544"
"nohvpMrEwXy468gDFR","World Cup Football GIF by OneFootball Heads","gif","2026-07-05T10:12:59+0000","15489"
"JGpns399tHOQYO7P9u","World Cup Football GIF by OneFootball Heads","gif","2026-06-18T12:52:18+0000","15313"
"pKUmbMGZ5eNwfcEOwB","World Cup Football GIF by OneFootball Heads","gif","2026-06-18T14:30:59+0000","15257"
"pzLy6Kcx9jyVz05UxB","World Cup Football GIF by OneFootball Heads","gif","2026-06-18T14:31:30+0000","15230"
"oLP7BIj99u0sFUlnsV","World Cup Football GIF by OneFootball Heads","gif","2026-06-18T12:55:09+0000","15179"
"AhaWzd6OjdlgzY8poL","World Cup Football GIF by OneFootball Heads","gif","2026-06-18T12:51:03+0000","15040"
"xdfUlTMvx8p3k8Taet","World Cup Football GIF by OneFootball Heads","gif","2026-06-18T16:10:20+0000","15002"
"mnFrveFv1O0NCcXXRg","World Cup Football GIF by OneFootball Heads","gif","2026-06-18T14:30:52+0000","14945"
"AkjBpF1TnoWQNI57N8","World Cup Football GIF by OneFootball Heads","gif","2026-06-18T12:50:54+0000","14463"
"tFyjXDG8DdgV7jbV1B","World Cup Football GIF by OneFootball Heads","gif","2026-06-18T16:11:53+0000","14305"
"LgaosMJFuBdaBg4Zqw","World Cup Football GIF by OneFootball Heads","gif","2026-06-18T14:31:18+0000","14116"
"QQeMYCJmSK3CvnW69G","World Cup Football GIF by OneFootball Heads","gif","2026-06-18T14:27:01+0000","14027"
"2jcJ3HFGUHkTyioaUT","World Cup Football GIF by OneFootball Heads","gif","2026-06-18T16:11:46+0000","14015"
"j4tl0BRFWySCPi8I98","World Cup Football GIF by OneFootball Heads","gif","2026-06-18T16:12:41+0000","13752"
"xjLbBByLJ19X487OlI","World Cup Football GIF by OneFootball Heads","gif","2026-06-18T16:12:20+0000","13725"
"CKVjlqUmBZdyT7d3W7","World Cup Football GIF by OneFootball Heads","gif","2026-07-06T16:44:00+0000","13697"
"dBEeUL0mbzScibZaSv","World Cup Football GIF by OneFootball Heads","gif","2026-06-18T12:50:09+0000","13332"
"uYAAG52VMeqNbeKxrw","World Cup Football GIF by OneFootball Heads","gif","2026-06-18T14:30:36+0000","13286"
"UGSaXOiJokVFwXEoAT","Confused Crypto GIF by OneFootball Heads","gif","2026-05-18T15:31:03+0000","13282"
"zQxSWfx8MQYyxMzLTW","France Football GIF by OneFootball Heads","gif","2026-06-18T12:52:43+0000","13182"
"s4hSWA7C4PRGJwjwkp","World Cup Football GIF by OneFootball Heads","gif","2026-06-18T12:50:03+0000","13157"
"S8nncQt2T539fDIA0b","World Cup Football GIF by OneFootball Heads","gif","2026-07-05T10:10:40+0000","13095"
"bbd845md4bBhtzxnP2","World Cup Football GIF by OneFootball Heads","gif","2026-06-18T12:53:20+0000","13077"
"OlLlVUZxrcqZm6RPza","Excited Digital Art GIF by OneFootball Heads","gif","2026-05-18T15:30:50+0000","13073"
"pWYoNgRTTOcpQEGdh4","World Cup Football GIF by OneFootball Heads","gif","2026-06-18T16:11:08+0000","12974"
"6JNI1PXys4vMII0f9A","World Cup Football GIF by OneFootball Heads","gif","2026-07-05T10:17:57+0000","12865"
"YOy4wfZdVp39GaHWHa","World Cup Football GIF by OneFootball Heads","gif","2026-06-18T14:32:43+0000","12839"
"uZCGmkB8j9Y2LrKCgC","World Cup Football GIF by OneFootball Heads","gif","2026-07-05T10:18:30+0000","12623"
"hVlGeCHhXYdIj5VuGy","World Cup Football GIF by OneFootball Heads","gif","2026-06-18T12:56:18+0000","12557"
"hLlrlSXRBLz2a3Fa9b","World Cup Football GIF by OneFootball Heads","gif","2026-06-18T14:33:12+0000","12498"
"UiN6zWG0ArXRCn52L0","World Cup Football GIF by OneFootball Heads","gif","2026-06-18T14:31:05+0000","12381"
"cpWDzbkGXinjazXAsQ","6 7 Football GIF by OneFootball Heads","gif","2026-06-18T16:43:55+0000","12312"
"wyVRFz9fJaE5B8IZ2I","France Football GIF by OneFootball Heads","gif","2026-06-18T14:33:49+0000","12239"
"U0K68elO5NOob4q372","World Cup Football GIF by OneFootball Heads","gif","2026-07-05T10:17:49+0000","12113"
"kQRBgO3pn3vEnFTgXa","World Cup Football GIF by OneFootball Heads","gif","2026-07-05T10:12:31+0000","12076"
"tRWPZFwfKYTcaQ0Vut","World Cup Football GIF by OneFootball Heads","gif","2026-06-18T12:56:28+0000","12001"
"wulH1pzgOUFXQQNyor","World Cup Football GIF by OneFootball Heads","gif","2026-06-18T14:27:07+0000","11978"
"0LBI2fJsWSO88UZip6","World Cup Football GIF by OneFootball Heads","gif","2026-07-05T10:19:38+0000","11971"
"Atdw4UUjkYNWJaCahh","World Cup Football GIF by OneFootball Heads","gif","2026-06-18T12:57:11+0000","11950"
"4iC6WmsVhfZAeGj178","World Cup Football GIF by OneFootball Heads","gif","2026-06-18T16:13:02+0000","11758"
"ApgAv4fFKYE5zQmdet","World Cup Football GIF by OneFootball Heads","gif","2026-06-18T14:29:30+0000","11752"
"7uuBgvGPs6E5EttML4","World Cup Football GIF by OneFootball Heads","gif","2026-06-18T14:26:37+0000","11698"
"RjBXlk32cZwWJwL4gS","World Cup Football GIF by OneFootball Heads","gif","2026-06-18T12:54:27+0000","11530"
"XniMEEmJBr9ukfaFPg","World Cup Football GIF by OneFootball Heads","gif","2026-06-18T12:53:30+0000","11324"
"1yWBEir2xnNtXtsIt9","World Cup Football GIF by OneFootball Heads","gif","2026-07-05T10:10:04+0000","11249"
"eSfJodS0foTOVqrBg1","6 7 Football GIF by OneFootball Heads","gif","2026-06-18T16:43:59+0000","11169"
"2AHzoH7CI4TQeyzYCD","France Football GIF by OneFootball Heads","gif","2026-06-18T14:25:12+0000","11167"
"MibqmLIdqxwQepv1u4","France Football GIF by OneFootball Heads","gif","2026-06-18T12:52:50+0000","11087"
"QSA6gWBwyyXJIzo0gE","World Cup Football GIF by OneFootball Heads","gif","2026-06-18T12:59:00+0000","11070"
"Ad00UhfBWCrf6iIraA","World Cup Football GIF by OneFootball Heads","gif","2026-06-18T14:32:49+0000","10955"
"ob50T7GkSbkLLSRhQn","World Cup Football GIF by OneFootball Heads","gif","2026-06-18T12:53:10+0000","10866"
"vgMxyT3D5Nf7YtgLEN","World Cup Football GIF by OneFootball Heads","gif","2026-06-18T14:34:01+0000","10827"
"0r0YUGcSj97ueZws1I","World Cup Football GIF by OneFootball Heads","gif","2026-07-05T10:12:24+0000","10790"
"zIf83ye6vDhxzHKtUd","Germany Football GIF by OneFootball Heads","gif","2026-06-18T14:27:18+0000","10771"
"K53ka9tKBWvdlEmEiQ","World Cup Football GIF by OneFootball Heads","gif","2026-06-18T16:11:33+0000","10769"
"Fh1YBOMQy8ivv5QNzd","World Cup Football GIF by OneFootball Heads","gif","2026-06-18T14:27:41+0000","10621"
"N4Aef2XhTGp692NZx7","World Cup Football GIF by OneFootball Heads","gif","2026-07-06T16:44:20+0000","10553"
"V2cgY6r7FOSTkCgBS1","Germany Football GIF by OneFootball Heads","gif","2026-06-18T14:29:11+0000","10550"
"cIJp8Y1yZVnCzjXSjQ","World Cup Football GIF by OneFootball Heads","gif","2026-06-18T16:11:39+0000","10507"
"akR7RsXOEBsCpVxsp6","World Cup Football GIF by OneFootball Heads","gif","2026-06-18T12:52:32+0000","10478"
"XHby9xOM0HPzPJ6tqF","World Cup Football GIF by OneFootball Heads","gif","2026-06-18T12:49:53+0000","10230"
"IhRt3YlSBJDDGKmVfA","World Cup Football GIF by OneFootball Heads","gif","2026-06-18T12:53:15+0000","10229"
"ysB7TRjZlCfK705Qsx","World Cup Football GIF by OneFootball Heads","gif","2026-06-18T14:32:37+0000","10209"
"ybF46HrsLDFuMrg0NO","France Football GIF by OneFootball Heads","gif","2026-07-05T10:15:42+0000","10198"
"FQaUqL5cxE07TVmEbM","World Cup Football GIF by OneFootball Heads","gif","2026-06-18T14:27:29+0000","10161"
"HOOTxxN5gUjEhJDUzT","Germany Football GIF by OneFootball Heads","gif","2026-06-18T12:52:54+0000","9966"
"nDLvxkW2XE2ZjcVKQR","World Cup Football GIF by OneFootball Heads","gif","2026-06-18T16:09:56+0000","9843"
"vWQ3cNvlZdFGn4P8mC","World Cup Football GIF by OneFootball Heads","gif","2026-06-18T12:58:20+0000","9745"
"G4bRYCUE94lLd7ftFC","World Cup Football GIF by OneFootball Heads","gif","2026-06-18T16:11:02+0000","9676"
"saM8smyVfRy2WxXNf3","World Cup Football GIF by OneFootball Heads","gif","2026-07-05T10:11:06+0000","9642"
"bnqEjEUGGVrwEqWNJ0","World Cup Football GIF by OneFootball Heads","gif","2026-07-05T10:16:36+0000","9544"
"X29WgAKGLutorgO69Y","France Football GIF by OneFootball Heads","gif","2026-07-05T10:13:18+0000","9498"
"oU1Fo2c50feGpaWwDh","World Cup Football GIF by OneFootball Heads","gif","2026-06-18T16:12:55+0000","9497"
"rI4yCkQXsGkvkN6qQy","World Cup Football GIF by OneFootball Heads","gif","2026-06-18T12:57:28+0000","9470"
"GW5HlgHeRXwbcIRTAO","World Cup Football GIF by OneFootball Heads","gif","2026-06-18T16:12:48+0000","9428"
"4bXiLL05WASnteKd7V","France Football GIF by OneFootball Heads","gif","2026-07-05T10:18:48+0000","9369"
"ocHIQm4HwUXQHcA1U0","World Cup Football GIF by OneFootball Heads","gif","2026-06-18T12:59:12+0000","9286"
"TfKAAlWTfJBh06kQ5S","World Cup Football GIF by OneFootball Heads","gif","2026-06-18T12:57:33+0000","9276"
"UM7sju7MO1wK6KpVdR","World Cup Football GIF by OneFootball Heads","gif","2026-06-18T14:25:18+0000","9118"
"MVdhlDm19paYqtsMfF","Germany Football GIF by OneFootball Heads","gif","2026-06-18T14:27:52+0000","9082"
"HKNFJD7cAwpvlYa6p1","World Cup Football GIF by OneFootball Heads","gif","2026-06-18T16:10:49+0000","9075"
"5b6DvVHMPq5kG9QBE7","World Cup Football GIF by OneFootball Heads","gif","2026-06-18T14:26:06+0000","8977"
"kCbiTm717MlCNnAxeU","France Football GIF by OneFootball Heads","gif","2026-07-05T10:19:02+0000","8875"
"kAVvf8QMmCmXU7NDA6","World Cup Football GIF by OneFootball Heads","gif","2026-06-18T12:49:59+0000","8779"
"pxIwqllLtTqwkP3P7q","France Football GIF by OneFootball Heads","gif","2026-06-18T14:33:37+0000","8732"
"fLLDOs1PXL5od8aETL","World Cup Football GIF by OneFootball Heads","gif","2026-06-18T12:50:59+0000","8715"
"Z9OWqReW3I4Jr4MEdB","World Cup Football GIF by OneFootball Heads","gif","2026-06-18T16:12:35+0000","8681"
"XB8mTbeXNfl7OIlAkt","World Cup Football GIF by OneFootball Heads","gif","2026-06-18T14:30:42+0000","8593"
"KR0ABF8z9pul0Xn1vj","World Cup Football GIF by OneFootball Heads","gif","2026-06-18T14:28:28+0000","8588"
"qNokvWhj3oqF4D5q3D","World Cup Football GIF by OneFootball Heads","gif","2026-06-18T16:10:42+0000","8316"
"lJGL45KeCLzPSaUgTV","France Football GIF by OneFootball Heads","gif","2026-07-05T10:13:25+0000","8208"
"hkJqI1Z2eMIZGjaLGr","World Cup Football GIF by OneFootball Heads","gif","2026-06-18T16:11:59+0000","8118"
"MMQp5dVRWpDk5TKSk3","World Cup Football GIF by OneFootball Heads","gif","2026-06-18T16:12:06+0000","8082"
"RZrRtVNSxivmiqc4ms","World Cup Football GIF by OneFootball Heads","gif","2026-06-18T16:13:38+0000","7945"
"kAZI2CjoJeDdkShdIp","World Cup Football GIF by OneFootball Heads","gif","2026-06-18T12:56:24+0000","7863"
"o582qaiYg31UCY2MHB","World Cup Football GIF by OneFootball Heads","gif","2026-06-18T14:27:58+0000","7801"
"DvT1BeIHu3ChyybxkR","World Cup Football GIF by OneFootball Heads","gif","2026-07-05T10:14:12+0000","7772"
"g1TgPevFB2j9fFhIUv","World Cup Football GIF by OneFootball Heads","gif","2026-06-18T16:11:27+0000","7739"
"fFcZ7GbvG7949eU5xg","World Cup Football GIF by OneFootball Heads","gif","2026-07-05T10:15:36+0000","7687"
"b7B608uSFXLuR9yWYH","France Football GIF by OneFootball Heads","gif","2026-07-05T10:18:56+0000","7662"
"KlL7G6C1HWtdM3YHse","Germany Football GIF by OneFootball Heads","gif","2026-06-18T14:28:10+0000","7642"
"qY5hBUyiQSBf79ntVr","France Football GIF by OneFootball Heads","gif","2026-06-18T14:29:18+0000","7625"
"5IVmTwSUBkM26gnwiT","World Cup Football GIF by OneFootball Heads","gif","2026-07-05T10:12:51+0000","7421"
"WHFiPP52PG9th1XmMP","World Cup Football GIF by OneFootball Heads","gif","2026-07-05T10:14:36+0000","7414"
"LcCD3TkQe4SJroMYz5","France Football GIF by OneFootball Heads","gif","2026-07-05T10:13:30+0000","7405"
"UPnKAxvJFJWIJn1NNK","Happy Football GIF by OneFootball Heads","gif","2026-07-06T16:44:11+0000","7279"
"V2iTAiTz1UENEuooXW","World Cup Football GIF by OneFootball Heads","gif","2026-07-05T10:18:06+0000","7273"
"hZtR0YEJJ66b1a0Yrb","World Cup Football GIF by OneFootball Heads","gif","2026-06-18T12:59:06+0000","7205"
"F0x8UfLG8yOQPPRCj9","World Cup Football GIF by OneFootball Heads","gif","2026-06-18T16:10:28+0000","7187"
"9x7iTJfqgFQMCs0cvY","World Cup Football GIF by OneFootball Heads","gif","2026-07-05T10:12:38+0000","7043"
"lo0xHsbZsqAXm3DxRm","France Football GIF by OneFootball Heads","gif","2026-06-18T14:31:43+0000","7024"
"m6uaoa7xX7Dg2HnF6p","World Cup Football GIF by OneFootball Heads","gif","2026-06-18T12:58:12+0000","7020"
"UpPyFzWrRSSCDjWW5S","France Football GIF by OneFootball Heads","gif","2026-06-18T14:31:12+0000","6987"
"3bdT6rswZrdJAAXyIY","World Cup Football GIF by OneFootball Heads","gif","2026-06-18T12:55:26+0000","6974"
"RHu5cVwkEKODGJMFhD","World Cup Football GIF by OneFootball Heads","gif","2026-07-05T10:17:05+0000","6949"
"aFoEcC8r12zpxNNvSz","World Cup Football GIF by OneFootball Heads","gif","2026-06-18T12:57:16+0000","6916"
"mp4uQj1yhchE0FJb19","World Cup Football GIF by OneFootball Heads","gif","2026-07-05T10:14:44+0000","6893"
"hRRHZWBCM1iGz8W69i","World Cup Football GIF by OneFootball Heads","gif","2026-07-05T10:11:29+0000","6817"
"1gsEMwwsNPO36OxOQK","World Cup Football GIF by OneFootball Heads","gif","2026-07-05T10:19:09+0000","6780"
"pq5a9erYX0mupYAw0r","World Cup Football GIF by OneFootball Heads","gif","2026-06-18T12:51:38+0000","6713"
"QozR1lmgh6PNPxiPDH","World Cup Football GIF by OneFootball Heads","gif","2026-06-18T16:10:36+0000","6696"
"imjTWu6Vx9k0QJwpv4","World Cup Football GIF by OneFootball Heads","gif","2026-07-05T10:16:58+0000","6663"
"btR3gAi7NqgMjA2aNz","World Cup Football GIF by OneFootball Heads","gif","2026-06-18T12:55:31+0000","6549"
"UHX8Z1xxM7q95ifvMN","World Cup Football GIF by OneFootball Heads","gif","2026-06-18T16:13:49+0000","6548"
"9Se0FcKFZFCt7lM2x3","World Cup Football GIF by OneFootball Heads","gif","2026-06-18T12:51:33+0000","6467"
"ioikNOK6094SPdG2gY","World Cup Football GIF by OneFootball Heads","gif","2026-06-18T16:13:55+0000","6447"
"kc5sCk8smIzR9bEVmq","World Cup Football GIF by OneFootball Heads","gif","2026-07-05T10:10:19+0000","6372"
"NMa7tlk37iWeBOSmwr","World Cup Football GIF by OneFootball Heads","gif","2026-06-18T14:33:55+0000","6353"
"2MJOk63MZDgJLnCWbP","Germany Football GIF by OneFootball Heads","gif","2026-06-18T12:53:05+0000","6349"
"jJjpM5aG60awjoTpKb","World Cup Football GIF by OneFootball Heads","gif","2026-07-05T10:16:44+0000","6262"
"P2dP3D2kAzqcRPPaWr","World Cup Football GIF by OneFootball Heads","gif","2026-06-18T16:12:26+0000","6252"
"jQgLlzy0ZT54ZCBLTt","World Cup Football GIF by OneFootball Heads","gif","2026-07-05T10:13:04+0000","6233"
"k8u0YOIFdyRsTb950U","World Cup Football GIF by OneFootball Heads","gif","2026-07-05T10:13:38+0000","6084"
"Pd6VbhzYBpVXqj1D2b","World Cup Football GIF by OneFootball Heads","gif","2026-07-05T10:20:03+0000","6002"
"tPrbmCVHFFg7K72O3L","World Cup Football GIF by OneFootball Heads","gif","2026-06-18T12:55:20+0000","5982"
"5050Byd8dZiD8S7OQo","World Cup Football GIF by OneFootball Heads","gif","2026-07-05T10:18:35+0000","5922"
"sN3d7kXdPbvjlidiJz","World Cup Football GIF by OneFootball Heads","gif","2026-07-05T10:11:00+0000","5908"
"0iqkjAyJgiCpPLy3Fq","World Cup Football GIF by OneFootball Heads","gif","2026-06-18T16:13:44+0000","5515"
"bzs9ftqVS6wCqrRuWx","Germany Football GIF by OneFootball Heads","gif","2026-07-05T10:12:13+0000","5504"
"VOuTYkX8OhXjetxwQ5","World Cup Football GIF by OneFootball Heads","gif","2026-06-18T16:14:01+0000","5436"
"XPN3II0GRNvYBEbxqs","World Cup Football GIF by OneFootball Heads","gif","2026-07-05T10:12:44+0000","5420"
"W04ps2Hb3KrzSRGeh6","World Cup Football GIF by OneFootball Heads","gif","2026-06-18T16:09:48+0000","5296"
"FxFgVET0GLKFojvrla","France Football GIF by OneFootball Heads","gif","2026-07-05T10:18:41+0000","5238"
"syTxsyJjCeublic7d4","France Football GIF by OneFootball Heads","gif","2026-07-05T10:10:12+0000","5203"
"oT8h0iLmJVj4OORrVw","Football Celebrate GIF by OneFootball Heads","gif","2026-05-18T05:05:15+0000","5168"
"jCb2I9TIDuTGehdSHx","World Cup Football GIF by OneFootball Heads","gif","2026-07-05T10:15:50+0000","5134"
"GxQiKyAy9kzwWgAClZ","World Cup Football GIF by OneFootball Heads","gif","2026-07-05T10:16:06+0000","5051"
"6a3eNd7DeaD1dk11hn","World Cup Football GIF by OneFootball Heads","gif","2026-07-05T10:09:57+0000","4981"
"hPd95ZhVUZRpaqfS71","World Cup Football GIF by OneFootball Heads","gif","2026-07-05T10:15:29+0000","4979"
"6DHkm44QfaRU4jjkTd","France Football GIF by OneFootball Heads","gif","2026-07-05T10:13:11+0000","4813"
"zC1NmByT5WMiTaMHQS","Germany Football GIF by OneFootball Heads","gif","2026-07-05T10:14:29+0000","4788"
"ifOOtGdoahRmSdfh4k","Germany Football GIF by OneFootball Heads","gif","2026-07-05T10:17:19+0000","4419"
"9L7p0XupqB44TIXms9","Germany Football GIF by OneFootball Heads","gif","2026-07-05T10:11:54+0000","4404"
"31mHgJnJUAJXIB62kJ","World Cup Football GIF by OneFootball Heads","gif","2026-07-05T10:18:14+0000","4314"
"UxIqUYwwUampJ8DTtS","World Cup Football GIF by OneFootball Heads","gif","2026-07-05T10:17:26+0000","4059"
"4Z5Et8yinfeZ1jfuJF","World Cup Shrug GIF by OneFootball Heads","gif","2026-07-05T10:11:43+0000","3955"
"U4iDELyXogCfzk2SPc","World Cup Football GIF by OneFootball Heads","gif","2026-07-05T10:20:29+0000","3809"
"YEzgbuQKP7ilTDmGni","World Cup Football GIF by OneFootball Heads","gif","2026-07-05T10:18:22+0000","3641"
"iRowpDxl0o0Qs0f422","Germany Football GIF by OneFootball Heads","gif","2026-07-05T10:14:18+0000","3523"
"2OZgYoYD7xUPQjGmsl","World Cup Football GIF by OneFootball Heads","gif","2026-07-05T10:14:57+0000","3296"
"pfDwG4T0vC4IxqS2eN","World Cup Football GIF by OneFootball Heads","gif","2026-07-05T10:20:45+0000","3283"
"toz148aIki3hNi79mi","World Cup Football GIF by OneFootball Heads","gif","2026-07-05T10:11:15+0000","3262"
"2fhhHvDo2dUJMgJFW6","World Cup Football GIF by OneFootball Heads","gif","2026-07-05T10:10:32+0000","3161"
"bOLdbJxTL32fzUfQ79","Germany Football GIF by OneFootball Heads","gif","2026-07-05T10:19:57+0000","3135"
"YhWN4jrl9saWCBtYVs","World Cup Football GIF by OneFootball Heads","gif","2026-07-05T10:15:14+0000","2938"
"dszvmLR6BjdJ3cN3B5","Germany Football GIF by OneFootball Heads","gif","2026-07-05T10:14:23+0000","2935"
"UzKPSpSLYsY3sTLQ7e","World Cup Football GIF by OneFootball Heads","gif","2026-07-05T10:14:03+0000","2878"
"kqkgYGr6YOULDs5Fcn","World Cup Shrug GIF by OneFootball Heads","gif","2026-07-05T10:17:12+0000","2662"
"zysC5B66n65evvIv2j","World Cup Football GIF by OneFootball Heads","gif","2026-07-05T10:19:32+0000","2516"
"cR1Bnk7j1OAqINYtOY","World Cup Football GIF by OneFootball Heads","gif","2026-07-05T10:12:01+0000","2475"
"JdCL1IXkf3ObMe1SIJ","World Cup Football GIF by OneFootball Heads","gif","2026-07-05T10:16:51+0000","2334"
"NzJ2mFSbkzVkj29CYP","World Cup Football GIF by OneFootball Heads","gif","2026-07-05T10:20:22+0000","2314"
"KksuC9fn8zo5RlERgg","World Cup Football GIF by OneFootball Heads","gif","2026-07-05T10:19:17+0000","2262"
"FrixhPI7XEfr3wS5yp","World Cup Football GIF by OneFootball Heads","gif","2026-07-05T10:14:51+0000","2262"
"cZYcjyCHHn2mk1ikmK","World Cup Football GIF by OneFootball Heads","gif","2026-07-05T10:11:22+0000","2261"
"MSUZpSsPXDiTRUuHTL","World Cup Football GIF by OneFootball Heads","gif","2026-07-05T10:13:45+0000","2146"
"BKBmjqo7OhXyBwjnJ1","World Cup Football GIF by OneFootball Heads","gif","2026-07-05T10:15:03+0000","2101"
"A1yl317Qn9BkRcNDyq","Germany Football GIF by OneFootball Heads","gif","2026-07-05T10:17:34+0000","1949"
"1YIOwyDs2IK6MPvs3f","World Cup Football GIF by OneFootball Heads","gif","2026-07-05T10:20:35+0000","1844"
"7HLrdcksEhIrZa9Zir","Germany Football GIF by OneFootball Heads","gif","2026-07-05T10:19:50+0000","1803"
"x61sB9WoV0TIwRSfsR","World Cup Football GIF by OneFootball Heads","gif","2026-07-05T10:20:52+0000","1780"
"RwHdKDHMgbReieccJ4","World Cup Football GIF by OneFootball Heads","gif","2026-07-05T10:15:22+0000","1702"
"xW6AwwdTobQgDZ3nAU","World Cup Football GIF by OneFootball Heads","gif","2026-07-05T10:20:15+0000","1619"
"Sfiri0PXigpGueBftO","Happy Pizza Time GIF by OneFootball Heads","gif","2025-08-04T07:31:29+0000","15"
"uKuw4epL1KjAqERkXv","Germany Football GIF by OneFootball Heads","gif","2026-07-05T10:19:44+0000","3"
"49lmGu0eQ7ISpToUTU","Betting All In GIF by OneFootball Heads","gif","2025-08-03T14:20:34+0000","2"
"B7HEiOs673jZ4sYq3q","Betting Game On GIF by OneFootball Heads","gif","2025-08-03T14:20:41+0000","0"
