"title","type","impressions","views","approved","slug"
"Celebration Happy Dance","gif","134665","32","True","celebration-happy-dance"
"Sui Ronaldo","gif","43230","12","True","sui-ronaldo"
"Norway - LET'S GO NORWAY!","gif","42719","0","True","norway-lets-go-norway"
"England - IT'S COMING HOME!","gif","36911","0","True","england-its-coming-home-6"
"Onefootball Onefootball Heads","gif","35329","17","True","onefootball-onefootball-heads-1"
"Bad Call Ref Bad Ref","gif","31407","1","True","bad-call-ref-bad-ref"
"Michael Olise Celebration","gif","30712","3","True","michael-olise-celebration"
"Michael Olise - ICE COLD","gif","28820","3","True","michael-olise-ice-cold"
"Heads Onefootball Heads","gif","23421","6","True","heads-onefootball-heads"
"Heads Onefootball Heads","gif","23145","6","True","heads-onefootball-heads-1"
"Heads Onefootball Heads","gif","21934","3","True","heads-onefootball-heads-2"
"Heads Onefootball Heads","gif","20881","4","True","heads-onefootball-heads-8"
"Heads Onefootball Heads","gif","20663","2","True","heads-onefootball-heads-9"
"Heads Onefootball Heads","gif","20319","4","True","heads-onefootball-heads-6"
"Heads Onefootball Heads","gif","20114","3","True","heads-onefootball-heads-4"
"It's coming home to Klipy","gif","20101","4","True","its-coming-home-to-klipy"
"Heads Onefootball Heads","gif","20021","1","True","heads-onefootball-heads-18"
"Heads Onefootball Heads","gif","20006","3","True","heads-onefootball-heads-5"
"Heads Onefootball Heads","gif","19712","3","True","heads-onefootball-heads-3"
"Heads Onefootball Heads","gif","19616","3","True","heads-onefootball-heads-7"
"Heads Onefootball Heads","gif","19340","1","True","heads-onefootball-heads-20"
"Heads Onefootball Heads","gif","19070","2","True","heads-onefootball-heads-10"
"Onefootball Onefootball Heads","gif","18926","415","True","onefootball-onefootball-heads-7"
"England - COME ON ENGLAND!","gif","18892","0","True","england-come-on-england-3"
"Heads Onefootball Heads","gif","18763","1","True","heads-onefootball-heads-11"
"Heads Onefootball Heads","gif","18104","1","True","heads-onefootball-heads-12"
"Heads Onefootball Heads","gif","17986","1","True","heads-onefootball-heads-14"
"Heads Onefootball Heads","gif","17758","1","True","heads-onefootball-heads-13"
"Heads Onefootball Heads","gif","17599","1","True","heads-onefootball-heads-15"
"Heads Onefootball Heads","gif","17476","1","True","heads-onefootball-heads-17"
"Heads Onefootball Heads","gif","17220","1","True","heads-onefootball-heads-16"
"OFC Head - I JUST HIT THE JACKPOT!","gif","16917","0","True","ofc-head-i-just-hit-the-jackpot"
"Heads Onefootball Heads","gif","16909","1","True","heads-onefootball-heads-19"
"Ofc Ofc Heads","gif","15465","4","True","ofc-ofc-heads"
"Ofc Onefootball Heads","gif","14548","3","True","ofc-onefootball-heads"
"Onefootball Onefootball Heads","gif","14361","2","True","onefootball-onefootball-heads-8"
"Belgium - LET'S GO BELGIUM!","gif","14229","1","True","belgium-lets-go-belgium"
"USA - USA! USA!","gif","12916","7","True","usa-usa-usa-14"
"Ofc Onefootball Heads","gif","12501","2","True","ofc-onefootball-heads-3"
"Cabo Verde Fan Celebration","gif","12405","10","True","cabo-verde-fan-celebration"
"Virgil van Dijk Celebration","gif","12372","3","True","virgil-van-dijk-celebration"
"Ofc Onefootball Heads","gif","11466","3","True","ofc-onefootball-heads-8"
"Official Klipy Partner","gif","11337","5","True","official-klipy-partner"
"Achraf Hakimi Celebration","gif","11092","1","True","achraf-hakimi-celebration"
"Switzerland - LET'S GO SWITZERLAND!","gif","10682","3","True","switzerland-lets-go-switzerland"
"Ofc Onefootball Heads","gif","10498","0","True","ofc-onefootball-heads-1"
"Virgil van Dijk - THE WALL.","gif","10334","3","True","virgil-van-dijk-the-wall"
"Achraf Hakimi - TOO FAST!","gif","10232","0","True","achraf-hakimi-too-fast"
"Rodri - RODRI KNOWS.","gif","9890","1","True","rodri-rodri-knows"
"Erling Haaland - HAALAND!","gif","9643","17","True","erling-haaland-haaland-11"
"Norway Fan Celebration","gif","9330","0","True","norway-fan-celebration"
"Ofc Onefootball Heads","gif","9096","3","True","ofc-onefootball-heads-6"
"Calma Calm Down","gif","8829","56","True","calma-calm-down-2"
"Ofc Onefootball Heads","gif","8698","0","True","ofc-onefootball-heads-2"
"Ofc Onefootball","gif","8457","0","True","ofc-onefootball-28"
"OFC Head - TGE Telescope","gif","8278","0","True","ofc-head-tge-telescope"
"Ofc Onefootball","gif","8163","40","True","ofc-onefootball-1"
"Ofc Onefootball","gif","7859","2","True","ofc-onefootball"
"Ofc Onefootball Heads","gif","7653","0","True","ofc-onefootball-heads-4"
"Onefootball Onefootball Heads","gif","7532","15","True","onefootball-onefootball-heads"
"Ousmane Dembélé - DEMBOUZ!","gif","7527","1","True","ousmane-dembele-dembouz"
"Désiré Doué Celebration","gif","7435","2","True","desire-doue-celebration-1"
"Ousmane Dembélé Celebration","gif","7413","1","True","ousmane-dembele-celebration"
"Désiré Doué - GOLDEN BOY","gif","7280","3","True","desire-doue-golden-boy"
"Onefootball Onefootball Heads","gif","7110","3","True","onefootball-onefootball-heads-6"
"Jude Bellingham - CMON ENGLAND!","gif","6966","3","True","jude-bellingham-cmon-england"
"Scotland - LET'S GO SCOTLAND!","gif","6808","0","True","scotland-lets-go-scotland"
"Ofc Onefootball","gif","6641","0","True","ofc-onefootball-5"
"Ofc Onefootball","gif","6571","0","True","ofc-onefootball-23"
"Ofc Onefootball","gif","6469","0","True","ofc-onefootball-25"
"Ofc Onefootball","gif","6407","0","True","ofc-onefootball-26"
"Ofc Onefootball Heads","gif","6370","0","True","ofc-onefootball-heads-5"
"Jude Bellingham Celebration","gif","6242","4","True","jude-bellingham-celebration-1"
"Ofc Onefootball","gif","6168","0","True","ofc-onefootball-24"
"Ofc Onefootball Heads","gif","6079","0","True","ofc-onefootball-heads-7"
"Rodri Celebration","gif","5944","2","True","rodri-celebration"
"Snooze Snoozefest","gif","5696","3","True","snooze-snoozefest"
"Erling Haaland Celebration","gif","5686","5","True","erling-haaland-celebration-2"
"Harry Kane - HURRICANE!","gif","5615","1","True","harry-kane-hurricane"
"Ofc Onefootball Heads","gif","5598","0","True","ofc-onefootball-heads-9"
"Ofc Onefootball","gif","5575","0","True","ofc-onefootball-27"
"Ofc Onefootball","gif","5478","0","True","ofc-onefootball-32"
"Hug Surprise Hug","gif","5451","6","True","hug-surprise-hug"
"Onefootball Heads Soccer","gif","5251","0","True","onefootball-heads-soccer-35"
"Declan Rice - COME ON!","gif","5241","0","True","declan-rice-come-on"
"Anthony Gordon - HOWAY!","gif","5189","2","True","anthony-gordon-howay"
"Julián Alvarez - LA ARAÑA!","gif","5165","3","True","julian-alvarez-la-arana"
"Ofc Onefootball","gif","5050","0","True","ofc-onefootball-31"
"Ronaldo Goat","gif","5034","3","True","ronaldo-goat-2"
"Anthony Gordon Celebration","gif","4956","2","True","anthony-gordon-celebration"
"Julián Alvarez Celebration","gif","4930","3","True","julian-alvarez-celebration"
"OneFootball Heads - Keepy Uppies","gif","4841","1","True","onefootball-heads-keepy-uppies"
"Ofc Onefootball","gif","4824","0","True","ofc-onefootball-34"
"Ofc Onefootball","gif","4786","0","True","ofc-onefootball-29"
"Kobbie Mainoo - COMPOSED.","gif","4682","0","True","kobbie-mainoo-composed"
"Jérémy Doku - DOKU DANCE!","gif","4675","1","True","jeremy-doku-doku-dance"
"Ofc Onefootball","gif","4666","0","True","ofc-onefootball-33"
"DR Congo - ALLEZ LES LÉOPARDS!","gif","4662","0","True","dr-congo-allez-les-leopards"
"Ofc Onefootball","gif","4612","0","True","ofc-onefootball-30"
"Panama - LET'S GO PANAMA!","gif","4577","1","True","panama-lets-go-panama"
"Onefootball Onefootball Heads","gif","4523","9","True","onefootball-onefootball-heads-11"
"This Ain'T It Onefootball Heads","gif","4454","0","True","this-aint-it-onefootball-heads"
"Jude Bellingham Celebration","gif","4400","2","True","jude-bellingham-celebration"
"Harry Kane Celebration","gif","4352","1","True","harry-kane-celebration"
"Phil Foden - CMON ENGLAND","gif","4256","0","True","phil-foden-cmon-england"
"Granit Xhaka Celebration","gif","4221","1","True","granit-xhaka-celebration"
"Ofc Onefootball","gif","4213","0","True","ofc-onefootball-35"
"Senegal - ALLEZ LES LIONS!","gif","4184","0","True","senegal-allez-les-lions"
"Ofc Onefootball","gif","4166","1","True","ofc-onefootball-37"
"Granit Xhaka - THE LEADER","gif","4130","1","True","granit-xhaka-the-leader"
"Ofc Onefootball","gif","4095","0","True","ofc-onefootball-36"
"Onefootball Heads Soccer","gif","3939","0","True","onefootball-heads-soccer-15"
"Iraq - YALLA IRAQ!","gif","3922","0","True","iraq-yalla-iraq"
"Jérémy Doku Celebration","gif","3889","0","True","jeremy-doku-celebration"
"Onefootball Heads Soccer","gif","3888","3","True","onefootball-heads-soccer"
"Paraguay - LET'S GO PARAGUAY!","gif","3837","1","True","paraguay-lets-go-paraguay"
"Ofc Onefootball","gif","3699","0","True","ofc-onefootball-38"
"Kobbie Mainoo Celebration","gif","3693","0","True","kobbie-mainoo-celebration-1"
"Kylian Mbappe - MBAPPÉÉÉ!","gif","3667","1","True","kylian-mbappe-mbappeee"
"OFC Head - BRACE","gif","3655","0","True","ofc-head-brace"
"Onefootball Heads Soccer","gif","3648","6","True","onefootball-heads-soccer-4"
"OFC Head - OFC SUPERFAN","gif","3646","0","True","ofc-head-ofc-superfan"
"Kylian Mbappe Celebration","gif","3511","3","True","kylian-mbappe-celebration-3"
"Vini Jr - BAILA VINI!","gif","3493","7","True","vini-jr-baila-vini"
"Onefootball Heads Soccer","gif","3492","4","True","onefootball-heads-soccer-3"
"South Africa - LET'S GO SOUTH AFRICA!","gif","3491","0","True","south-africa-lets-go-south-africa"
"Onefootball Heads Soccer","gif","3483","0","True","onefootball-heads-soccer-16"
"Onefootball Heads Soccer","gif","3338","2","True","onefootball-heads-soccer-5"
"Panama Fan Celebration","gif","3304","0","True","panama-fan-celebration"
"Spain - LET'S GO SPAIN!","gif","3277","5","True","spain-lets-go-spain"
"Netherlands - LET'S GO NETHERLANDS!","gif","3266","0","True","netherlands-lets-go-netherlands"
"Morocco - LET'S GO MOROCCO!","gif","3186","3","True","morocco-lets-go-morocco"
"Onefootball Heads Soccer","gif","3175","5","True","onefootball-heads-soccer-2"
"Ofc Onefootball","gif","3122","0","True","ofc-onefootball-45"
"Phil Foden Celebration","gif","3114","0","True","phil-foden-celebration"
"Phil Foden - SUPER PHIL!","gif","3110","0","True","phil-foden-super-phil"
"Bosnia - ZMAJEVI!","gif","3038","2","True","bosnia-zmajevi"
"Bosnia Flag","gif","3017","0","True","bosnia-flag"
"Onefootball Onefootball Heads","gif","2852","87","True","onefootball-onefootball-heads-3"
"Raphinha - RAPHINHA!","gif","2809","5","True","raphinha-raphinha"
"Onefootball Heads Soccer","gif","2753","0","True","onefootball-heads-soccer-28"
"Japan - LET'S GO JAPAN!","gif","2671","1","True","japan-lets-go-japan"
"Ofc Onefootball","gif","2569","0","True","ofc-onefootball-39"
"Erling Haaland - ZEN MODE","gif","2524","3","True","erling-haaland-zen-mode"
"Sui Ronaldo Celebration","gif","2470","5","True","sui-ronaldo-celebration"
"Luka Modric Celebration","gif","2458","1","True","luka-modric-celebration"
"Jordan - LET'S GO JORDAN!","gif","2456","1","True","jordan-lets-go-jordan"
"USA - IT'S CALLED SOCCER!","gif","2453","0","True","usa-its-called-soccer"
"Onefootball Heads Soccer","gif","2414","2","True","onefootball-heads-soccer-1"
"Joshua Kimmich Celebration","gif","2333","0","True","joshua-kimmich-celebration"
"Morocco Fan Celebration","gif","2251","1","True","morocco-fan-celebration"
"Algeria - LET'S GO ALGERIA!","gif","2249","1","True","algeria-lets-go-algeria"
"Ofc Onefootball","gif","2239","0","True","ofc-onefootball-40"
"Bosnia - HAJDE BOSNO!","gif","2220","1","True","bosnia-hajde-bosno"
"Türkiye - HAYDİ TÜRKİYE!","gif","2191","1","True","turkiye-haydi-turkiye"
"Ofc Onefootball","gif","2168","0","True","ofc-onefootball-41"
"Sweden - Isak","gif","2154","1","True","sweden-isak"
"Mo Salah - EGYPTIAN KING","gif","2149","1","True","mo-salah-egyptian-king"
"Alisson Becker - WHAT A SAVE!","gif","2129","1","True","alisson-becker-what-a-save"
"Jude Bellingham - HERE'S JUDE!","gif","2127","4","True","jude-bellingham-heres-jude"
"South Africa Fan Celebration","gif","2116","0","True","south-africa-fan-celebration"
"Declan Rice Celebration","gif","2109","0","True","declan-rice-celebration"
"Mo Salah Celebration","gif","2077","1","True","mo-salah-celebration"
"Ofc Onefootball","gif","2077","0","True","ofc-onefootball-42"
"Tunisia - LET'S GO TUNISIA!","gif","2071","0","True","tunisia-lets-go-tunisia"
"Luka Modric - THE MAESTRO","gif","2039","0","True","luka-modric-the-maestro"
"Türkiye - ÇAY TIME!","gif","2006","0","True","turkiye-cay-time"
"Ofc Onefootball","gif","2004","0","True","ofc-onefootball-44"
"Joshua Kimmich - THE GENERAL","gif","1979","0","True","joshua-kimmich-the-general"
"Leo Messi Celebration","gif","1973","11","True","leo-messi-celebration"
"Qatar - LET'S GO QATAR!","gif","1958","0","True","qatar-lets-go-qatar"
"Senegal - Sarr","gif","1956","0","True","senegal-sarr"
"Colombia - LET'S GO COLOMBIA!","gif","1954","14","True","colombia-lets-go-colombia"
"Ghana - LET'S GO GHANA!","gif","1913","0","True","ghana-lets-go-ghana"
"OFC Head - Hit the Green Button","gif","1885","0","True","ofc-head-hit-the-green-button"
"Türkiye - BİZİM ÇOCUKLAR!","gif","1879","0","True","turkiye-bizim-cocuklar"
"Onefootball Onefootball Heads","gif","1792","0","True","onefootball-onefootball-heads-5"
"Ofc Onefootball","gif","1778","0","True","ofc-onefootball-47"
"Türkiye - Yildiz","gif","1763","2","True","turkiye-yildiz"
"Argentina Fan Celebration","gif","1761","11","True","argentina-fan-celebration"
"Ofc Onefootball","gif","1748","0","True","ofc-onefootball-48"
"Austria - LET'S GO AUSTRIA!","gif","1740","0","True","austria-lets-go-austria"
"Ofc Onefootball","gif","1739","0","True","ofc-onefootball-46"
"Ofc Onefootball","gif","1737","2","True","ofc-onefootball-43"
"Onefootball Heads Soccer","gif","1722","0","True","onefootball-heads-soccer-6"
"South Africa - WAKA WAKA AY AY","gif","1659","0","True","south-africa-waka-waka-ay-ay"
"Spain - VAMOS ESPAÑA!","gif","1647","6","True","spain-vamos-espana"
"Tunisia Fan Celebration","gif","1623","0","True","tunisia-fan-celebration"
"Iraq - أسود الرافدين","gif","1565","0","True","iraq-asod-alrafdyn"
"Sweden - FIKA AT FULL-TIME!","gif","1560","0","True","sweden-fika-at-full-time"
"William Saliba Celebration","gif","1536","2","True","william-saliba-celebration"
"South Korea - LET'S GO SOUTH KOREA!","gif","1532","0","True","south-korea-lets-go-south-korea"
"Lamine Yamal Celebration","gif","1524","9","True","lamine-yamal-celebration-1"
"Federico Valverde - EL PAJARITO!","gif","1521","4","True","federico-valverde-el-pajarito"
"Federico Valverde Celebration","gif","1479","2","True","federico-valverde-celebration"
"Mexico - LET'S GO MEXICO!","gif","1474","0","True","mexico-lets-go-mexico-1"
"William Saliba - SALIBAAA!","gif","1472","8","True","william-saliba-salibaaa"
"Bosnia - ĆEVAPI TIME!","gif","1461","0","True","bosnia-cevapi-time"
"Onefootball Onefootball Heads","gif","1457","0","True","onefootball-onefootball-heads-47"
"OneFootball Heads - Watergun","gif","1433","0","True","onefootball-heads-watergun"
"Lamine Yamal - EL NIÑO","gif","1419","1","True","lamine-yamal-el-nino"
"OFC Head - Hit the Red Button","gif","1405","0","True","ofc-head-hit-the-red-button"
"Bosnia - Let's Go!","gif","1388","0","True","bosnia-lets-go"
"USA - Pulisic","gif","1350","0","True","usa-pulisic"
"Sweden - HEJA SVERIGE!","gif","1348","3","True","sweden-heja-sverige"
"Arda Güler Celebration","gif","1328","0","True","arda-guler-celebration"
"DR Congo - Let's Go!","gif","1316","1","True","dr-congo-lets-go"
"Luis Diaz Celebration","gif","1312","3","True","luis-diaz-celebration"
"Arda Güler - THE WIZARD","gif","1309","0","True","arda-guler-the-wizard"
"OFC Head - HAT-TRICK","gif","1301","1","True","ofc-head-hat-trick"
"Luis Diaz - ¡LUCHOOO!","gif","1282","2","True","luis-diaz-luchooo"
"Ofc Onefootball","gif","1263","0","True","ofc-onefootball-49"
"Uruguay - LET'S GO URUGUAY!","gif","1254","0","True","uruguay-lets-go-uruguay"
"Raúl Jiménez - ¡LUCHADOR!","gif","1220","0","True","raul-jimenez-luchador"
"Onefootball Heads Soccer","gif","1218","0","True","onefootball-heads-soccer-7"
"Japan - SAMURAI BLUE!","gif","1218","1","True","japan-samurai-blue"
"Leo Messi - G.O.A.T.","gif","1211","8","True","leo-messi-goat"
"Christian Pulisic Celebration","gif","1199","0","True","christian-pulisic-celebration"
"Christian Pulisic - PULISIIIC!","gif","1192","0","True","christian-pulisic-pulisiiic"
"DR Congo - RUMBA TIME!","gif","1177","1","True","dr-congo-rumba-time"
"Czechia - ČESKO! ČESKO!","gif","1176","0","True","czechia-cesko-cesko"
"Czechia - PIVO AT HALF-TIME!","gif","1174","0","True","czechia-pivo-at-half-time"
"OFC Head - BIG GREEN FLAG","gif","1165","0","True","ofc-head-big-green-flag"
"OFC Head - BLOW THE WHISTLE","gif","1139","0","True","ofc-head-blow-the-whistle"
"Ofc Onefootball","gif","1135","0","True","ofc-onefootball-54"
"Sweden - Gyokeres","gif","1128","0","True","sweden-gyokeres"
"Snack Fridge","gif","1116","2","True","snack-fridge"
"Ofc Onefootball","gif","1104","0","True","ofc-onefootball-50"
"Onefootball Onefootball Heads","gif","1102","0","True","onefootball-onefootball-heads-2"
"Czechia - POJĎ ČESKO!","gif","1089","0","True","czechia-pojd-cesko"
"Spain Fan Celebration","gif","1083","4","True","spain-fan-celebration"
"Ofc Onefootball","gif","1079","0","True","ofc-onefootball-55"
"Vitinha Celebration","gif","1066","2","True","vitinha-celebration"
"Ofc Onefootball","gif","1057","0","True","ofc-onefootball-51"
"Japan Fan Celebration","gif","1054","0","True","japan-fan-celebration"
"OneFootball Heads - FEB 14th","gif","1046","0","True","onefootball-heads-feb-14th"
"Bosnia Fan Celebration","gif","1034","0","True","bosnia-fan-celebration"
"Vitinha - VITINHAAA!","gif","1012","0","True","vitinha-vitinhaaa"
"Onefootball Onefootball Heads","gif","998","0","True","onefootball-onefootball-heads-4"
"OFC Head - LAST WARNING","gif","998","0","True","ofc-head-last-warning"
"Sadio Mané Celebration","gif","994","3","True","sadio-mane-celebration"
"Switzerland Fan Celebration","gif","985","0","True","switzerland-fan-celebration"
"Sadio Mané - MANÉ MAGIC!","gif","984","0","True","sadio-mane-mane-magic"
"Algeria Fan Celebration","gif","975","0","True","algeria-fan-celebration"
"Haiti Fan Celebration","gif","971","0","True","haiti-fan-celebration"
"OFC Head - Green Flag (No Text)","gif","964","0","True","ofc-head-green-flag-no-text"
"Brazil - LET'S GO BRAZIL!","gif","957","0","True","brazil-lets-go-brazil"
"Czechia Flag","gif","957","0","True","czechia-flag-2"
"Erling Haaland Celebration","gif","945","4","True","erling-haaland-celebration-1"
"Kai Havertz - HAVERTZ!","gif","944","0","True","kai-havertz-havertz-4"
"Ofc Onefootball","gif","928","0","True","ofc-onefootball-58"
"Ofc Onefootball","gif","921","0","True","ofc-onefootball-52"
"Ofc Onefootball","gif","917","0","True","ofc-onefootball-4"
"Ofc Onefootball","gif","914","0","True","ofc-onefootball-59"
"OFC Head - Two Ball Juggle (No Text)","gif","900","0","True","ofc-head-two-ball-juggle-no-text"
"Alisson Becker Celebration","gif","894","0","True","alisson-becker-celebration"
"USA - I BELIEVE THAT WE WILL WIN!","gif","893","0","True","usa-i-believe-that-we-will-win"
"Raúl Jiménez Celebration","gif","887","0","True","raul-jimenez-celebration"
"Ofc Onefootball","gif","878","0","True","ofc-onefootball-53"
"OFC Head - THAT'S A HAT TRICK","gif","869","0","True","ofc-head-thats-a-hat-trick"
"Czechia - Let's Go!","gif","861","0","True","czechia-lets-go"
"Ecuador - LET'S GO ECUADOR!","gif","857","0","True","ecuador-lets-go-ecuador"
"OFC Head - HAT TRICK (Juggle)","gif","853","0","True","ofc-head-hat-trick-juggle"
"Mexico Fan Celebration","gif","836","0","True","mexico-fan-celebration"
"Senegal - Mane","gif","831","0","True","senegal-mane"
"Florian Wirtz - WIRTZ MAGIC","gif","830","0","True","florian-wirtz-wirtz-magic"
"Czechia Fan Celebration","gif","819","0","True","czechia-fan-celebration"
"Jamal Musiala Celebration","gif","810","0","True","jamal-musiala-celebration"
"Onefootball Onefootball Heads","gif","797","1","True","onefootball-onefootball-heads-43"
"Senegal Flag","gif","788","0","True","senegal-flag-3"
"Portugal - LET'S GO PORTUGAL!","gif","787","1","True","portugal-lets-go-portugal"
"Uzbekistan - LET'S GO UZBEKISTAN!","gif","783","2","True","uzbekistan-lets-go-uzbekistan"
"Pedri - EL MAGO","gif","776","2","True","pedri-el-mago"
"Ofc Onefootball","gif","775","0","True","ofc-onefootball-57"
"Jamal Musiala - BAMBI MAGIC","gif","765","0","True","jamal-musiala-bambi-magic"
"Ofc Onefootball","gif","759","0","True","ofc-onefootball-56"
"Bruno Fernandes Celebration","gif","753","1","True","bruno-fernandes-celebration-1"
"OFC Head - Hat Trick Doff (No Text)","gif","747","0","True","ofc-head-hat-trick-doff-no-text"
"OFC Head - YOU'RE OFF!","gif","743","12","True","ofc-head-youre-off"
"Ofc Onefootball","gif","733","1","True","ofc-onefootball-3"
"Kai Havertz Celebration","gif","730","0","True","kai-havertz-celebration"
"Türkiye - Guler","gif","730","1","True","turkiye-guler"
"DR Congo - LES LÉOPARDS!","gif","725","0","True","dr-congo-les-leopards"
"Ofc Onefootball","gif","719","1","True","ofc-onefootball-2"
"Pedri Celebration","gif","694","2","True","pedri-celebration"
"Florian Wirtz Celebration","gif","679","0","True","florian-wirtz-celebration-1"
"That Was Awful Bad","gif","658","0","True","that-was-awful-bad"
"Portugal - SUIIIIII","gif","655","1","True","portugal-suiiiiii"
"DR Congo Fan Celebration","gif","648","0","True","dr-congo-fan-celebration"
"Heung Min Son Celebration","gif","644","0","True","heung-min-son-celebration"
"USA Flag","gif","640","0","True","usa-flag-31"
"OFC Head - Headphones On","gif","637","0","True","ofc-head-headphones-on"
"Heung Min Son - SONNY!","gif","634","0","True","heung-min-son-sonny-7"
"DR Congo Flag","gif","632","1","True","dr-congo-flag-1"
"Cristiano Ronaldo Celebration","gif","623","0","True","cristiano-ronaldo-celebration-5"
"Manuel Neuer - NOTHING GETS PAST","gif","618","0","True","manuel-neuer-nothing-gets-past"
"Ivory Coast - LET'S GO CÔTE D'IVOIRE!","gif","618","0","True","ivory-coast-lets-go-cote-divoire"
"Onefootball Onefootball Heads","gif","617","1","True","onefootball-onefootball-heads-40"
"Saudi Arabia - LET'S GO SAUDI ARABIA!","gif","613","0","True","saudi-arabia-lets-go-saudi-arabia"
"Uzbekistan Fan Celebration","gif","608","2","True","uzbekistan-fan-celebration"
"OFC Head - YELLOW CARD","gif","607","0","True","ofc-head-yellow-card-1"
"Ofc Onefootball","gif","604","0","True","ofc-onefootball-67"
"South Korea Fan Celebration","gif","582","1","True","south-korea-fan-celebration"
"Curacao Fan Celebration","gif","581","0","True","curacao-fan-celebration"
"Onefootball Onefootball Heads","gif","576","0","True","onefootball-onefootball-heads-39"
"Ofc Onefootball","gif","565","1","True","ofc-onefootball-6"
"OFC Head - Whistle Blow (No Text)","gif","542","0","True","ofc-head-whistle-blow-no-text"
"OFC Head - THAT'S TWO","gif","536","0","True","ofc-head-thats-two"
"OFC Head - Hat Trick Juggle (No Text)","gif","528","0","True","ofc-head-hat-trick-juggle-no-text"
"OFC Head - FIRST PLACE","gif","521","1","True","ofc-head-first-place"
"Antoine Semenyo - TOO STRONG!","gif","514","0","True","antoine-semenyo-too-strong"
"Curaçao - LET'S GO CURAÇAO!","gif","498","1","True","curacao-lets-go-curacao"
"OneFootball Heads - VAMOS PARAGUAY!","gif","488","1","True","onefootball-heads-vamos-paraguay"
"Alphonso Davies - PHONZIE!","gif","486","0","True","alphonso-davies-phonzie-1"
"Alphonso Davies Celebration","gif","485","0","True","alphonso-davies-celebration"
"OFC Head - BAD CALL REF","gif","476","4","True","ofc-head-bad-call-ref"
"Jordan Fan Celebration","gif","473","1","True","jordan-fan-celebration"
"USA - McKennie","gif","470","0","True","usa-mckennie"
"DefiHabibi - You Only Need To Bullpost OFC","gif","460","1","True","defihabibi-you-only-need-to-bullpost-ofc"
"Bruno Fernandes - THE SHRUG","gif","457","2","True","bruno-fernandes-the-shrug"
"Onefootball Heads Soccer","gif","447","0","True","onefootball-heads-soccer-29"
"OFC Head - I'M SORRY (No Text)","gif","444","0","True","ofc-head-im-sorry-no-text"
"Ofc Onefootball","gif","432","0","True","ofc-onefootball-60"
"Iraq Flag","gif","429","0","True","iraq-flag-6"
"Peakaboo Mug","gif","404","0","True","peakaboo-mug"
"Ronaldo Cr7","gif","404","7","True","ronaldo-cr7-35"
"Andy Robertson - ROBBO!","gif","400","0","True","andy-robertson-robbo"
"USA - Let's Go!","gif","400","0","True","usa-lets-go"
"What'S Going On Onefootball Heads","gif","396","0","True","whats-going-on-onefootball-heads"
"Brazil Fan Celebration","gif","395","0","True","brazil-fan-celebration"
"Iraq - LIONS OF MESOPOTAMIA!","gif","387","0","True","iraq-lions-of-mesopotamia"
"Onefootball Heads Soccer","gif","386","0","True","onefootball-heads-soccer-36"
"Manuel Neuer Celebration","gif","383","0","True","manuel-neuer-celebration"
"Iran Fan Celebration","gif","376","0","True","iran-fan-celebration"
"Saudi Arabia Fan Celebration","gif","375","0","True","saudi-arabia-fan-celebration"
"Paraguay Fan Celebration","gif","374","0","True","paraguay-fan-celebration"
"Portugal Fan Celebration","gif","370","3","True","portugal-fan-celebration"
"USA Fan Celebration","gif","364","0","True","usa-fan-celebration"
"Cristiano Ronaldo - SIUUU!","gif","363","1","True","cristiano-ronaldo-siuuu-3"
"Ivory Coast Fan Celebration","gif","361","0","True","ivory-coast-fan-celebration"
"OFC Head - Jersey Reveal","gif","360","0","True","ofc-head-jersey-reveal"
"Türkiye Flag","gif","351","1","True","turkiye-flag"
"Qatar Fan Celebration","gif","348","1","True","qatar-fan-celebration"
"Andy Robertson Celebration","gif","346","0","True","andy-robertson-celebration"
"Scotland - LET'S GO TARTAN ARMY!","gif","346","0","True","scotland-lets-go-tartan-army"
"OFC Head - Trophy","gif","345","6","True","ofc-head-trophy"
"Scotland Fan Celebration","gif","344","0","True","scotland-fan-celebration"
"Croatia Fan Celebration","gif","339","0","True","croatia-fan-celebration"
"Iraq Fan Celebration","gif","324","0","True","iraq-fan-celebration"
"Onefootball Onefootball Heads","gif","324","0","True","onefootball-onefootball-heads-14"
"OFC Head - Metal Detector (No Text)","gif","321","0","True","ofc-head-metal-detector-no-text"
"Ronaldo Cr7","gif","312","5","True","ronaldo-cr7-34"
"Ofc Onefootball","gif","311","1","True","ofc-onefootball-61"
"Iraq - Let's Go!","gif","310","0","True","iraq-lets-go"
"OneFootball Heads - MAHAL KITA","gif","302","0","True","onefootball-heads-mahal-kita"
"Onefootball Heads Soccer","gif","300","0","True","onefootball-heads-soccer-22"
"OFC Head - Yellow Card","gif","297","0","True","ofc-head-yellow-card"
"Ofc Onefootball","gif","290","0","True","ofc-onefootball-62"
"OFC Head - CARVING TIME!","gif","280","0","True","ofc-head-carving-time"
"OFC Head - WE WON!","gif","279","1","True","ofc-head-we-won"
"Antoine Semenyo Celebration","gif","274","0","True","antoine-semenyo-celebration"
"Ofc Onefootball","gif","268","0","True","ofc-onefootball-63"
"Ofc Onefootball Club","gif","264","0","True","ofc-onefootball-club-2"
"Onefootball Heads Soccer","gif","258","0","True","onefootball-heads-soccer-20"
"Ofc Onefootball","gif","258","0","True","ofc-onefootball-22"
"Onefootball Heads Soccer","gif","257","0","True","onefootball-heads-soccer-18"
"Scotland - YESSIR, I CAN BOOGIE!","gif","249","0","True","scotland-yessir-i-can-boogie"
"OFC Head - Red Card","gif","245","0","True","ofc-head-red-card"
"Vini Jr Celebration","gif","245","2","True","vini-jr-celebration"
"OFC Head - RED CARD","gif","244","0","True","ofc-head-red-card-1"
"OFC Head - WHAT A GOAL!","gif","237","8","True","ofc-head-what-a-goal"
"Netherlands Fan Celebration","gif","232","0","True","netherlands-fan-celebration"
"Raphinha Celebration","gif","229","2","True","raphinha-celebration"
"Ofc Onefootball","gif","229","0","True","ofc-onefootball-64"
"Onefootball Heads Soccer","gif","224","0","True","onefootball-heads-soccer-30"
"OFC Head - WHAT'S THAT?","gif","223","0","True","ofc-head-whats-that"
"Onefootball Onefootball Heads","gif","221","0","True","onefootball-onefootball-heads-17"
"Sweden Flag","gif","221","0","True","sweden-flag-13"
"Onefootball Heads Soccer","gif","220","0","True","onefootball-heads-soccer-13"
"Ofc Onefootball Club","gif","217","0","True","ofc-onefootball-club"
"OFC Head - LET'S GO!","gif","216","0","True","ofc-head-lets-go"
"New Zealand - LET'S GO NEW ZEALAND!","gif","212","0","True","new-zealand-lets-go-new-zealand"
"Onefootball Heads Soccer","gif","210","0","True","onefootball-heads-soccer-9"
"OneFootball Heads - VOTE (Blue)","gif","206","0","True","onefootball-heads-vote-blue"
"Sweden - BLÅGULT!","gif","204","0","True","sweden-blagult"
"Scream Akira","gif","196","0","True","scream-akira"
"OneFootball Heads - World Cup Fans Celebration","gif","195","10","True","onefootball-heads-world-cup-fans-celebration"
"Ecuador Fan Celebration","gif","193","0","True","ecuador-fan-celebration"
"OFC Head - THAT'S NOT FUNNY","gif","190","0","True","ofc-head-thats-not-funny"
"OneFootball Heads - JOIN OUR SPACE","gif","186","0","True","onefootball-heads-join-our-space"
"Chockman - Gift Box Surprise","gif","185","0","True","chockman-gift-box-surprise"
"Onefootball Onefootball Heads","gif","176","0","True","onefootball-onefootball-heads-48"
"Ofc Onefootball","gif","169","0","True","ofc-onefootball-65"
"Onefootball Onefootball Heads","gif","168","0","True","onefootball-onefootball-heads-41"
"Senegal - Let's Go!","gif","165","0","True","senegal-lets-go"
"OFC Head - Not Funny (No Text)","gif","163","0","True","ofc-head-not-funny-no-text"
"Onefootball Onefootball Heads","gif","161","1","True","onefootball-onefootball-heads-18"
"Sweden Fan Celebration","gif","159","0","True","sweden-fan-celebration"
"Senegal - TÉRANGA POWER!","gif","159","0","True","senegal-teranga-power"
"Chat Onefootball Heads","gif","158","0","True","chat-onefootball-heads"
"Uruguay Fan Celebration","gif","157","2","True","uruguay-fan-celebration"
"Onefootball Onefootball Heads","gif","155","0","True","onefootball-onefootball-heads-10"
"OFC Head - Dance (No Text)","gif","155","0","True","ofc-head-dance-no-text"
"Onefootball Heads Soccer","gif","153","3","True","onefootball-heads-soccer-34"
"Onefootball Heads Soccer","gif","152","0","True","onefootball-heads-soccer-31"
"Onefootball Heads Soccer","gif","152","0","True","onefootball-heads-soccer-33"
"Senegal - LIONS DE LA TÉRANGA!","gif","149","0","True","senegal-lions-de-la-teranga"
"Onefootball Onefootball Heads","gif","149","0","True","onefootball-onefootball-heads-46"
"Onefootball Heads Soccer","gif","149","0","True","onefootball-heads-soccer-8"
"Onefootball Onefootball Heads","gif","147","0","True","onefootball-onefootball-heads-9"
"Australia - LET'S GO SOCCEROOS!","gif","145","0","True","australia-lets-go-socceroos"
"Onefootball Heads Soccer","gif","145","0","True","onefootball-heads-soccer-21"
"Onefootball Heads Soccer","gif","144","0","True","onefootball-heads-soccer-14"
"Onefootball Onefootball Heads","gif","143","0","True","onefootball-onefootball-heads-50"
"OneFootball Heads - VOTE (Red)","gif","142","0","True","onefootball-heads-vote-red"
"Senegal Fan Celebration","gif","141","0","True","senegal-fan-celebration"
"Ofc Onefootball Club","gif","141","0","True","ofc-onefootball-club-1"
"Onefootball Heads Soccer","gif","139","0","True","onefootball-heads-soccer-24"
"Onefootball Onefootball Heads","gif","139","0","True","onefootball-onefootball-heads-45"
"Onefootball Onefootball Heads","gif","138","0","True","onefootball-onefootball-heads-38"
"OFC Head - LOVE YOU","gif","137","0","True","ofc-head-love-you"
"Onefootball Heads Soccer","gif","131","0","True","onefootball-heads-soccer-17"
"Onefootball Heads Soccer","gif","128","0","True","onefootball-heads-soccer-12"
"Onefootball Heads Soccer","gif","125","0","True","onefootball-heads-soccer-10"
"OneFootball Heads - OFC App","gif","122","0","True","onefootball-heads-ofc-app"
"OFC Head - NICE ONE!","gif","119","0","True","ofc-head-nice-one"
"Onefootball Heads Soccer","gif","119","0","True","onefootball-heads-soccer-25"
"OFC Head - LOVE IT","gif","118","0","True","ofc-head-love-it"
"Onefootball Heads Soccer","gif","118","0","True","onefootball-heads-soccer-32"
"OneFootball Heads - SPACE TIME","gif","113","0","True","onefootball-heads-space-time"
"Onefootball Heads Soccer","gif","110","0","True","onefootball-heads-soccer-26"
"Onefootball Onefootball Heads","gif","108","0","True","onefootball-onefootball-heads-44"
"Onefootball Heads Soccer","gif","106","0","True","onefootball-heads-soccer-11"
"Onefootball Onefootball Heads","gif","106","0","True","onefootball-onefootball-heads-12"
"OneFootball Heads - 67 (Six Seven)","gif","104","0","True","onefootball-heads-67-six-seven"
"OneFootball Heads - Six Seven (No Text)","gif","102","0","True","onefootball-heads-six-seven-no-text"
"Ofc Onefootball","gif","101","0","True","ofc-onefootball-66"
"Sweden - Let's Go!","gif","100","0","True","sweden-lets-go"
"Onefootball Onefootball Heads","gif","96","0","True","onefootball-onefootball-heads-42"
"Onefootball Heads Soccer","gif","88","0","True","onefootball-heads-soccer-19"
"Onefootball Onefootball Heads","gif","87","0","True","onefootball-onefootball-heads-13"
"Onefootball Heads Soccer","gif","87","0","True","onefootball-heads-soccer-27"
"Onefootball Heads Soccer","gif","82","0","True","onefootball-heads-soccer-23"
"OFC Head - Red Flag (No Text)","gif","77","0","True","ofc-head-red-flag-no-text"
"OneFootball Heads - Space Time (No Text)","gif","77","0","True","onefootball-heads-space-time-no-text"
"OFC Head - LOVE YOU (No Text)","gif","75","0","True","ofc-head-love-you-no-text"
"OFC Head - Pumpkin","gif","73","0","True","ofc-head-pumpkin"
"OneFootball Heads - Jester (No Text)","gif","70","0","True","onefootball-heads-jester-no-text"
"OFC Head - Sending Love","gif","63","0","True","ofc-head-sending-love"
"OneFootball Heads - I LOVE YOU (Rose)","gif","61","0","True","onefootball-heads-i-love-you-rose"
"Türkiye - Let's Go!","gif","52","0","True","turkiye-lets-go"
"New Zealand Fan Celebration","gif","46","0","True","new-zealand-fan-celebration"
"Onefootball Onefootball Heads","gif","42","0","True","onefootball-onefootball-heads-15"
"OneFootball Heads - Dance (Vogue)","gif","38","0","True","onefootball-heads-dance-vogue"
"OFC Head - Cheer","gif","36","0","True","ofc-head-cheer"
"OFC Head - Thumbs Up","gif","35","0","True","ofc-head-thumbs-up"
"Onefootball Onefootball Heads","gif","35","0","True","onefootball-onefootball-heads-49"
"OneFootball Heads - Christmas Window Wave","gif","30","0","True","onefootball-heads-christmas-window-wave"
"Türkiye Fan Celebration","gif","28","0","True","turkiye-fan-celebration"
"OFC Head - PUMPKIN SPICE","gif","24","0","True","ofc-head-pumpkin-spice"
"OFC Head - SPOOKY SEASON","gif","21","0","True","ofc-head-spooky-season"
"OneFootball Heads - OFC Beacon","gif","19","0","True","onefootball-heads-ofc-beacon"
"OFC Head - HOP ON","gif","19","0","True","ofc-head-hop-on"
"OneFootball Heads - Happy Valentine's Day","gif","17","0","True","onefootball-heads-happy-valentines-day"
"OneFootball Heads - APRIL FOOLS (Jester)","gif","15","0","True","onefootball-heads-april-fools-jester"
"OFC Head - Pumpkin Spice Sip","gif","15","0","True","ofc-head-pumpkin-spice-sip"
"OneFootball Heads - April Fools Disguise (No Text)","gif","15","0","True","onefootball-heads-april-fools-disguise-no-text"
"OneFootball Heads - Easter Eggs (No Text)","gif","15","0","True","onefootball-heads-easter-eggs-no-text"
"OneFootball Heads - APRIL FOOLS (Disguise)","gif","15","0","True","onefootball-heads-april-fools-disguise"
"OneFootball Heads - EASTER MONDAY","gif","13","0","True","onefootball-heads-easter-monday"
"OneFootball Heads - HAPPY EASTER","gif","10","0","True","onefootball-heads-happy-easter"
"OneFootball Heads - Valentine's Flowers","gif","1","0","True","onefootball-heads-valentines-flowers"
"G.O.A.T Messi","gif","0","7","True","goat-messi-5"
